-- phpMyAdmin SQL Dump
-- version 4.0.10.18
-- https://www.phpmyadmin.net
--
-- Client: localhost:3306
-- Généré le: Lun 19 Février 2018 à 22:49
-- Version du serveur: 10.1.24-MariaDB-cll-lve
-- Version de PHP: 5.6.30

SET SQL_MODE = "NO_AUTO_VALUE_ON_ZERO";
SET time_zone = "+00:00";


/*!40101 SET @OLD_CHARACTER_SET_CLIENT=@@CHARACTER_SET_CLIENT */;
/*!40101 SET @OLD_CHARACTER_SET_RESULTS=@@CHARACTER_SET_RESULTS */;
/*!40101 SET @OLD_COLLATION_CONNECTION=@@COLLATION_CONNECTION */;
/*!40101 SET NAMES utf8 */;

--
-- Base de données: `adbupxyr_bitcohive`
--

-- --------------------------------------------------------

--
-- Structure de la table `faucet_banlist`
--

CREATE TABLE IF NOT EXISTS `faucet_banlist` (
  `id` int(32) unsigned NOT NULL AUTO_INCREMENT,
  `bitcoin_address` varchar(50) NOT NULL,
  `ip_address` varchar(50) NOT NULL,
  `timestamp` int(32) NOT NULL,
  PRIMARY KEY (`id`)
) ENGINE=MyISAM DEFAULT CHARSET=latin1 AUTO_INCREMENT=1 ;

-- --------------------------------------------------------

--
-- Structure de la table `faucet_banned_address`
--

CREATE TABLE IF NOT EXISTS `faucet_banned_address` (
  `id` int(32) unsigned NOT NULL AUTO_INCREMENT,
  `address` varchar(100) NOT NULL,
  PRIMARY KEY (`id`)
) ENGINE=MyISAM DEFAULT CHARSET=latin1 AUTO_INCREMENT=1 ;

-- --------------------------------------------------------

--
-- Structure de la table `faucet_banned_ip`
--

CREATE TABLE IF NOT EXISTS `faucet_banned_ip` (
  `id` int(32) unsigned NOT NULL AUTO_INCREMENT,
  `ip_address` varchar(50) NOT NULL,
  PRIMARY KEY (`id`)
) ENGINE=MyISAM DEFAULT CHARSET=latin1 AUTO_INCREMENT=1 ;

-- --------------------------------------------------------

--
-- Structure de la table `faucet_pages`
--

CREATE TABLE IF NOT EXISTS `faucet_pages` (
  `id` int(32) unsigned NOT NULL AUTO_INCREMENT,
  `name` varchar(50) NOT NULL,
  `content` text NOT NULL,
  `timestamp_created` int(32) NOT NULL,
  PRIMARY KEY (`id`)
) ENGINE=MyISAM DEFAULT CHARSET=latin1 AUTO_INCREMENT=1 ;

-- --------------------------------------------------------

--
-- Structure de la table `faucet_settings`
--

CREATE TABLE IF NOT EXISTS `faucet_settings` (
  `id` int(32) unsigned NOT NULL AUTO_INCREMENT,
  `name` varchar(50) NOT NULL,
  `value` varchar(400) NOT NULL,
  PRIMARY KEY (`id`)
) ENGINE=MyISAM  DEFAULT CHARSET=latin1 AUTO_INCREMENT=21 ;

--
-- Contenu de la table `faucet_settings`
--

INSERT INTO `faucet_settings` (`id`, `name`, `value`) VALUES
(1, 'faucet_name', 'Sitename'),
(2, 'space_top', '<script data-cfasync="false" type="text/javascript" src="//www.bitcoadz.io/display/items.php?2369&163&468&60&4"></script>\n'),
(3, 'space_left', '\n<iframe data-aa=''688367'' src=''//ad.a-ads.com/688367?size=250x250'' scrolling=''no'' style=''width:250px; height:250px; border:0px; padding:0;overflow:hidden'' allowtransparency=''true''></iframe>\n<br>\n<script data-cfasync="false" type="text/javascript" src="//www.bitcoadz.io/display/items.php?2366&163&250&250&4"></script>'),
(4, 'space_right', '<script data-cfasync="false" type="text/javascript" src="//www.bitcoadz.io/display/items.php?6010&163&250&250&4"></script>\n<br>\n<iframe data-aa=''688369'' src=''//ad.a-ads.com/688369?size=250x250'' scrolling=''no'' style=''width:250px; height:250px; border:0px; padding:0;overflow:hidden'' allowtransparency=''true''></iframe>'),
(20, 'min_payout', '1'),
(8, 'captcha_secret_key', 'TlfmZt9rP6ppNtaVydfxEQ3hTWoJ2nPM'),
(9, 'captcha_site_key', 'lOV0d25dUIPHe0P7sXBPGR5FOEq4qYYC'),
(10, 'faucethub_key', '58d1f1a64cfbb4553de6a38f27fadb25'),
(19, 'coinhive_profit_percent', '25'),
(12, 'admin_username', 'admin'),
(13, 'admin_password', '7eb1194e9b0c2d51d8acf6267b9990ef53ad2ed925ab863e7cb9c1c8ed16da98'),
(17, 'admin_login', '1515819598'),
(18, 'auto_withdraw', 'yes');

-- --------------------------------------------------------

--
-- Structure de la table `faucet_transactions`
--

CREATE TABLE IF NOT EXISTS `faucet_transactions` (
  `id` int(32) unsigned NOT NULL AUTO_INCREMENT,
  `userid` int(32) NOT NULL,
  `type` varchar(50) NOT NULL,
  `amount` decimal(10,8) NOT NULL,
  `timestamp` int(32) NOT NULL,
  PRIMARY KEY (`id`)
) ENGINE=MyISAM  DEFAULT CHARSET=latin1 AUTO_INCREMENT=296 ;

--
-- Contenu de la table `faucet_transactions`
--

INSERT INTO `faucet_transactions` (`id`, `userid`, `type`, `amount`, `timestamp`) VALUES
(1, 15, 'Payout', '0.00000001', 1515258577),
(2, 14, 'Payout', '0.00000001', 1515263778),
(3, 14, 'Payout', '0.00000001', 1515263783),
(4, 14, 'Payout', '0.00000001', 1515263794),
(5, 14, 'Payout', '0.00000001', 1515263804),
(6, 14, 'Payout', '0.00000001', 1515266169),
(7, 14, 'Withdraw', '0.00000001', 1515266169),
(8, 14, 'Withdraw', '0.00000004', 1515266218),
(9, 20, 'Payout', '0.00000001', 1515278359),
(10, 20, 'Withdraw', '0.00000001', 1515278359),
(11, 22, 'Payout', '0.00000003', 1515283280),
(12, 22, 'Withdraw', '0.00000003', 1515283280),
(13, 52, 'Payout', '0.00000001', 1515299840),
(14, 51, 'Payout', '0.00000016', 1515319853),
(15, 51, 'Withdraw', '0.00000016', 1515319853),
(16, 34, 'Payout', '0.00000049', 1515325074),
(17, 34, 'Withdraw', '0.00000049', 1515325074),
(18, 14, 'Payout', '0.00000004', 1515331644),
(19, 14, 'Withdraw', '0.00000004', 1515331644),
(20, 68, 'Payout', '0.00000001', 1515333020),
(21, 68, 'Withdraw', '0.00000001', 1515333020),
(22, 68, 'Payout', '0.00000004', 1515334090),
(23, 68, 'Withdraw', '0.00000004', 1515334090),
(24, 68, 'Payout', '0.00000009', 1515336134),
(25, 68, 'Withdraw', '0.00000009', 1515336134),
(26, 14, 'Payout', '0.00000003', 1515341197),
(27, 14, 'Withdraw', '0.00000003', 1515341197),
(28, 14, 'Payout', '0.00000007', 1515357367),
(29, 14, 'Withdraw', '0.00000007', 1515357367),
(30, 51, 'Payout', '0.00000032', 1515387144),
(31, 51, 'Withdraw', '0.00000032', 1515387144),
(32, 68, 'Payout', '0.00000001', 1515399109),
(33, 68, 'Withdraw', '0.00000001', 1515399109),
(34, 68, 'Payout', '0.00000001', 1515401050),
(35, 68, 'Withdraw', '0.00000001', 1515401050),
(36, 14, 'Payout', '0.00000005', 1515440643),
(37, 14, 'Withdraw', '0.00000005', 1515440643),
(38, 106, 'Payout', '0.00000001', 1515446233),
(39, 106, 'Withdraw', '0.00000001', 1515446233),
(40, 106, 'Payout', '0.00000003', 1515447957),
(41, 106, 'Withdraw', '0.00000003', 1515447957),
(42, 14, 'Payout', '0.00000008', 1515473087),
(43, 14, 'Withdraw', '0.00000008', 1515473087),
(44, 68, 'Payout', '0.00000015', 1515505601),
(45, 68, 'Withdraw', '0.00000015', 1515505601),
(46, 137, 'Payout', '0.00000002', 1515560879),
(47, 137, 'Withdraw', '0.00000002', 1515560879),
(48, 149, 'Payout', '0.00000001', 1515600329),
(49, 149, 'Withdraw', '0.00000001', 1515600329),
(50, 149, 'Payout', '0.00000001', 1515601309),
(51, 149, 'Withdraw', '0.00000001', 1515601309),
(52, 149, 'Payout', '0.00000014', 1515611700),
(53, 149, 'Withdraw', '0.00000014', 1515611700),
(54, 14, 'Payout', '0.00000007', 1515615197),
(55, 14, 'Withdraw', '0.00000007', 1515615197),
(56, 159, 'Payout', '0.00000001', 1515620136),
(57, 159, 'Withdraw', '0.00000001', 1515620136),
(58, 165, 'Payout', '0.00000001', 1515635621),
(59, 165, 'Withdraw', '0.00000001', 1515636025),
(60, 165, 'Payout', '0.00000002', 1515637233),
(61, 165, 'Withdraw', '0.00000002', 1515637233),
(62, 165, 'Payout', '0.00000001', 1515638963),
(63, 165, 'Withdraw', '0.00000001', 1515638963),
(64, 174, 'Payout', '0.00000001', 1515666758),
(65, 174, 'Payout', '0.00000001', 1515666885),
(66, 14, 'Payout', '0.00000001', 1515694195),
(67, 14, 'Withdraw', '0.00000001', 1515694195),
(68, 187, 'Payout', '0.00000001', 1515704442),
(69, 187, 'Withdraw', '0.00000001', 1515704442),
(70, 192, 'Payout', '0.00000004', 1515754441),
(71, 192, 'Withdraw', '0.00000004', 1515754441),
(72, 51, 'Payout', '0.00000206', 1515770608),
(73, 51, 'Withdraw', '0.00000206', 1515770608),
(74, 219, 'Payout', '0.00000001', 1515789387),
(75, 219, 'Withdraw', '0.00000001', 1515789387),
(76, 219, 'Payout', '0.00000001', 1515791451),
(77, 219, 'Withdraw', '0.00000001', 1515791451),
(78, 222, 'Payout', '0.00000001', 1515799606),
(79, 226, 'Payout', '0.00000001', 1515804380),
(80, 226, 'Withdraw', '0.00000001', 1515804876),
(81, 106, 'Payout', '0.00000001', 1515855858),
(82, 106, 'Withdraw', '0.00000001', 1515855858),
(83, 106, 'Payout', '0.00000001', 1515856266),
(84, 106, 'Withdraw', '0.00000001', 1515856266),
(85, 106, 'Payout', '0.00000001', 1515856725),
(86, 106, 'Withdraw', '0.00000001', 1515856725),
(87, 106, 'Payout', '0.00000001', 1515857176),
(88, 106, 'Withdraw', '0.00000001', 1515857176),
(89, 252, 'Payout', '0.00000002', 1515869479),
(90, 268, 'Payout', '0.00000013', 1515943039),
(91, 268, 'Withdraw', '0.00000013', 1515943039),
(92, 149, 'Payout', '0.00000009', 1515944280),
(93, 149, 'Withdraw', '0.00000009', 1515944280),
(94, 270, 'Payout', '0.00000001', 1515944668),
(95, 270, 'Payout', '0.00000003', 1515945003),
(96, 268, 'Payout', '0.00000001', 1515967334),
(97, 268, 'Withdraw', '0.00000001', 1515967334),
(98, 281, 'Payout', '0.00000004', 1515974792),
(99, 281, 'Payout', '0.00000004', 1515975033),
(100, 281, 'Withdraw', '0.00000004', 1515975033),
(101, 281, 'Withdraw', '0.00000004', 1515975084),
(102, 343, 'Payout', '0.00000001', 1516226654),
(103, 351, 'Payout', '0.00000001', 1516284562),
(104, 351, 'Withdraw', '0.00000001', 1516284562),
(105, 351, 'Payout', '0.00000001', 1516289720),
(106, 351, 'Withdraw', '0.00000001', 1516289720),
(107, 353, 'Payout', '0.00000001', 1516290835),
(108, 353, 'Withdraw', '0.00000001', 1516290835),
(109, 351, 'Payout', '0.00000002', 1516293817),
(110, 351, 'Withdraw', '0.00000002', 1516293817),
(111, 351, 'Payout', '0.00000001', 1516294170),
(112, 351, 'Withdraw', '0.00000001', 1516294170),
(113, 284, 'Payout', '0.00000005', 1516336113),
(114, 284, 'Withdraw', '0.00000005', 1516336113),
(115, 345, 'Payout', '0.00000011', 1516339294),
(116, 345, 'Withdraw', '0.00000011', 1516339294),
(117, 362, 'Payout', '0.00000009', 1516339610),
(118, 362, 'Withdraw', '0.00000009', 1516339610),
(119, 362, 'Payout', '0.00000009', 1516340851),
(120, 362, 'Withdraw', '0.00000009', 1516340851),
(121, 362, 'Payout', '0.00000009', 1516342037),
(122, 362, 'Withdraw', '0.00000009', 1516342037),
(123, 362, 'Payout', '0.00000007', 1516342954),
(124, 362, 'Withdraw', '0.00000007', 1516342954),
(125, 364, 'Payout', '0.00000001', 1516356415),
(126, 365, 'Payout', '0.00000002', 1516359560),
(127, 365, 'Withdraw', '0.00000002', 1516359560),
(128, 366, 'Payout', '0.00000001', 1516362078),
(129, 366, 'Withdraw', '0.00000001', 1516362078),
(130, 362, 'Payout', '0.00000064', 1516377721),
(131, 362, 'Withdraw', '0.00000064', 1516377721),
(132, 372, 'Payout', '0.00000001', 1516387739),
(133, 372, 'Payout', '0.00000001', 1516388029),
(134, 372, 'Payout', '0.00000001', 1516388076),
(135, 372, 'Payout', '0.00000001', 1516388208),
(136, 372, 'Payout', '0.00000001', 1516391515),
(137, 372, 'Payout', '0.00000001', 1516442914),
(138, 382, 'Payout', '0.00000001', 1516446695),
(139, 372, 'Payout', '0.00000004', 1516447275),
(140, 372, 'Payout', '0.00000004', 1516447291),
(141, 395, 'Payout', '0.00000001', 1516492034),
(142, 395, 'Withdraw', '0.00000001', 1516492034),
(143, 395, 'Payout', '0.00000001', 1516492186),
(144, 395, 'Withdraw', '0.00000001', 1516492186),
(145, 395, 'Payout', '0.00000001', 1516492794),
(146, 395, 'Withdraw', '0.00000001', 1516492794),
(147, 404, 'Payout', '0.00000002', 1516535200),
(148, 404, 'Withdraw', '0.00000002', 1516535200),
(149, 149, 'Payout', '0.00000453', 1516538322),
(150, 149, 'Withdraw', '0.00000453', 1516538322),
(151, 409, 'Payout', '0.00000001', 1516548627),
(152, 409, 'Payout', '0.00000001', 1516549005),
(153, 409, 'Withdraw', '0.00000001', 1516549005),
(154, 409, 'Withdraw', '0.00000001', 1516549609),
(155, 409, 'Payout', '0.00000001', 1516550056),
(156, 409, 'Withdraw', '0.00000001', 1516550056),
(157, 409, 'Payout', '0.00000002', 1516550774),
(158, 409, 'Withdraw', '0.00000002', 1516550774),
(159, 409, 'Payout', '0.00000002', 1516551458),
(160, 409, 'Withdraw', '0.00000002', 1516551458),
(161, 284, 'Payout', '0.00000002', 1516589583),
(162, 284, 'Withdraw', '0.00000002', 1516589583),
(163, 415, 'Payout', '0.00000001', 1516592738),
(164, 415, 'Withdraw', '0.00000001', 1516593163),
(165, 272, 'Payout', '0.00000001', 1516603139),
(166, 272, 'Withdraw', '0.00000001', 1516603139),
(167, 422, 'Payout', '0.00000002', 1516627807),
(168, 422, 'Withdraw', '0.00000002', 1516627807),
(169, 415, 'Payout', '0.00000005', 1516633707),
(170, 415, 'Withdraw', '0.00000005', 1516633707),
(171, 415, 'Payout', '0.00000017', 1516653175),
(172, 415, 'Withdraw', '0.00000017', 1516653175),
(173, 284, 'Payout', '0.00000001', 1516655418),
(174, 284, 'Withdraw', '0.00000001', 1516655418),
(175, 455, 'Payout', '0.00000002', 1516800121),
(176, 455, 'Withdraw', '0.00000002', 1516800121),
(177, 455, 'Payout', '0.00000004', 1516802066),
(178, 455, 'Withdraw', '0.00000004', 1516802066),
(179, 455, 'Payout', '0.00000131', 1516856943),
(180, 455, 'Withdraw', '0.00000131', 1516856943),
(181, 455, 'Payout', '0.00000016', 1516865252),
(182, 455, 'Withdraw', '0.00000016', 1516865252),
(183, 455, 'Payout', '0.00000004', 1516868244),
(184, 455, 'Withdraw', '0.00000004', 1516868244),
(185, 455, 'Payout', '0.00000008', 1516873794),
(186, 455, 'Withdraw', '0.00000008', 1516873794),
(187, 469, 'Payout', '0.00000001', 1516902245),
(188, 469, 'Withdraw', '0.00000001', 1516902245),
(189, 471, 'Payout', '0.00000001', 1516902973),
(190, 471, 'Withdraw', '0.00000001', 1516902973),
(191, 469, 'Payout', '0.00000001', 1516903412),
(192, 469, 'Withdraw', '0.00000001', 1516903412),
(193, 469, 'Payout', '0.00000001', 1516907068),
(194, 469, 'Withdraw', '0.00000001', 1516907068),
(195, 469, 'Payout', '0.00000005', 1517053488),
(196, 469, 'Withdraw', '0.00000005', 1517053488),
(197, 469, 'Payout', '0.00000004', 1517069692),
(198, 469, 'Withdraw', '0.00000004', 1517069692),
(199, 516, 'Payout', '0.00000001', 1517077099),
(200, 516, 'Payout', '0.00000001', 1517077105),
(201, 519, 'Payout', '0.00000001', 1517081669),
(202, 519, 'Payout', '0.00000003', 1517082371),
(203, 522, 'Payout', '0.00000001', 1517090224),
(204, 522, 'Withdraw', '0.00000001', 1517090797),
(205, 522, 'Payout', '0.00000003', 1517092423),
(206, 522, 'Withdraw', '0.00000003', 1517092423),
(207, 520, 'Payout', '0.00000001', 1517120441),
(208, 520, 'Withdraw', '0.00000001', 1517121439),
(209, 520, 'Payout', '0.00000001', 1517123982),
(210, 520, 'Withdraw', '0.00000001', 1517123982),
(211, 525, 'Payout', '0.00000002', 1517125443),
(212, 525, 'Withdraw', '0.00000002', 1517125443),
(213, 525, 'Payout', '0.00000011', 1517126986),
(214, 525, 'Withdraw', '0.00000011', 1517126986),
(215, 522, 'Payout', '0.00000050', 1517127105),
(216, 522, 'Withdraw', '0.00000050', 1517127105),
(217, 525, 'Payout', '0.00000005', 1517127606),
(218, 525, 'Withdraw', '0.00000005', 1517127606),
(219, 439, 'Payout', '0.00000002', 1517133813),
(220, 439, 'Withdraw', '0.00000002', 1517133813),
(221, 469, 'Payout', '0.00000002', 1517142382),
(222, 469, 'Withdraw', '0.00000002', 1517142382),
(223, 535, 'Payout', '0.00000002', 1517143769),
(224, 535, 'Withdraw', '0.00000002', 1517143769),
(225, 537, 'Payout', '0.00000001', 1517147098),
(226, 537, 'Withdraw', '0.00000001', 1517147098),
(227, 469, 'Payout', '0.00000001', 1517149377),
(228, 469, 'Withdraw', '0.00000001', 1517149377),
(229, 525, 'Payout', '0.00000185', 1517152150),
(230, 469, 'Payout', '0.00000002', 1517157772),
(231, 469, 'Withdraw', '0.00000002', 1517157772),
(232, 149, 'Payout', '0.00000501', 1517168806),
(233, 469, 'Payout', '0.00000001', 1517175554),
(234, 469, 'Withdraw', '0.00000001', 1517175554),
(235, 455, 'Payout', '0.00000012', 1517202853),
(236, 455, 'Withdraw', '0.00000012', 1517202853),
(237, 356, 'Payout', '0.00000029', 1517228036),
(238, 556, 'Payout', '0.00000001', 1517233266),
(239, 556, 'Withdraw', '0.00000001', 1517233266),
(240, 557, 'Payout', '0.00000001', 1517241087),
(241, 557, 'Withdraw', '0.00000001', 1517241087),
(242, 561, 'Payout', '0.00000001', 1517257499),
(243, 561, 'Payout', '0.00000002', 1517258210),
(244, 557, 'Payout', '0.00000013', 1517261643),
(245, 557, 'Withdraw', '0.00000013', 1517261643),
(246, 557, 'Payout', '0.00000037', 1517308498),
(247, 557, 'Withdraw', '0.00000037', 1517308498),
(248, 520, 'Payout', '0.00000001', 1517313746),
(249, 520, 'Withdraw', '0.00000001', 1517313746),
(250, 469, 'Payout', '0.00000001', 1517434321),
(251, 469, 'Withdraw', '0.00000001', 1517434321),
(252, 588, 'Payout', '0.00000001', 1517476531),
(253, 588, 'Withdraw', '0.00000001', 1517476531),
(254, 593, 'Payout', '0.00000016', 1517499890),
(255, 595, 'Payout', '0.00000006', 1517540793),
(256, 595, 'Payout', '0.00000006', 1517541555),
(257, 595, 'Withdraw', '0.00000006', 1517541555),
(258, 595, 'Withdraw', '0.00000006', 1517541599),
(259, 634, 'Payout', '0.00000008', 1517739720),
(260, 634, 'Withdraw', '0.00000008', 1517739720),
(261, 637, 'Payout', '0.00000001', 1517743862),
(262, 637, 'Withdraw', '0.00000001', 1517743862),
(263, 634, 'Payout', '0.00000014', 1517747509),
(264, 634, 'Withdraw', '0.00000014', 1517747509),
(265, 634, 'Payout', '0.00000001', 1517748668),
(266, 634, 'Withdraw', '0.00000001', 1517748668),
(267, 654, 'Payout', '0.00000001', 1517854064),
(268, 654, 'Payout', '0.00000001', 1517854721),
(269, 654, 'Payout', '0.00000001', 1517854746),
(270, 650, 'Payout', '0.00000061', 1517877599),
(271, 650, 'Withdraw', '0.00000061', 1517877599),
(272, 650, 'Payout', '0.00000011', 1517967854),
(273, 650, 'Withdraw', '0.00000011', 1517967854),
(274, 674, 'Payout', '0.00000003', 1517982144),
(275, 650, 'Payout', '0.00000095', 1517994023),
(276, 683, 'Payout', '0.00000001', 1517995736),
(277, 148, 'Payout', '0.00000001', 1518081289),
(278, 691, 'Payout', '0.00000004', 1518095213),
(279, 148, 'Payout', '0.00000002', 1518147257),
(280, 634, 'Payout', '0.00000001', 1518196783),
(281, 148, 'Payout', '0.00000002', 1518266002),
(282, 650, 'Payout', '0.00000343', 1518301237),
(283, 650, 'Payout', '0.00000352', 1518306772),
(284, 650, 'Payout', '0.00000398', 1518333580),
(285, 650, 'Payout', '0.00000358', 1518472837),
(286, 739, 'Payout', '0.00000001', 1518505234),
(287, 739, 'Payout', '0.00000001', 1518505274),
(288, 740, 'Payout', '0.00000001', 1518514530),
(289, 740, 'Payout', '0.00000001', 1518514643),
(290, 650, 'Payout', '0.00000344', 1518677183),
(291, 789, 'Payout', '0.00000001', 1518879536),
(292, 789, 'Withdraw', '0.00000001', 1518879536),
(293, 650, 'Withdraw', '0.00001890', 1518996466),
(294, 650, 'Payout', '0.00000364', 1518998735),
(295, 650, 'Withdraw', '0.00000364', 1518998735);

-- --------------------------------------------------------

--
-- Structure de la table `faucet_user_list`
--

CREATE TABLE IF NOT EXISTS `faucet_user_list` (
  `id` int(32) unsigned NOT NULL AUTO_INCREMENT,
  `address` varchar(75) NOT NULL,
  `ip_address` varchar(50) NOT NULL,
  `balance` decimal(10,8) NOT NULL DEFAULT '0.00000000',
  `joined` int(32) NOT NULL DEFAULT '0',
  `last_activity` int(32) NOT NULL DEFAULT '0',
  `referred_by` int(32) NOT NULL DEFAULT '0',
  `last_claim` int(32) NOT NULL DEFAULT '0',
  `claim_cryptokey` varchar(75) NOT NULL DEFAULT '0',
  PRIMARY KEY (`id`)
) ENGINE=MyISAM  DEFAULT CHARSET=latin1 AUTO_INCREMENT=825 ;

--
-- Contenu de la table `faucet_user_list`
--

INSERT INTO `faucet_user_list` (`id`, `address`, `ip_address`, `balance`, `joined`, `last_activity`, `referred_by`, `last_claim`, `claim_cryptokey`) VALUES
(1, '12LpEetUzE1cf4sLBeRWv3dbfwuNEzXsD1', '', '0.00000000', 1515215430, 1515304704, 0, 0, '0'),
(2, '1Pvp7tTYqPk9XuvitEKu233LfiwCQqDcG6', '', '0.00000000', 1515217683, 1515904914, 0, 0, '0'),
(3, '17zHoRsSPN9kFpsMkuZAYKVQuuyFoVfbGo', '', '0.00000000', 1515220565, 1515220565, 0, 0, ''),
(4, 'AMeUhshXwsGg6omyMjXDP9XiMfU4rVtYXf', '', '0.00000000', 1515221037, 1515221037, 0, 0, ''),
(5, '1wpPPeA3mRfLV2Zjoi8iKWBgMNtFTPc3c', '', '0.00000000', 1515222125, 1515222125, 0, 0, '0'),
(6, '1PrGrEpMLabcjbC2sAsBB95U5EU2KtPTLQ', '', '0.00000000', 1515228083, 1515228083, 0, 0, '0'),
(7, '1Pq8DSLp747cwfccXaYQKPCcaawcjddEb', '', '0.00000000', 1515231644, 1515231644, 0, 0, ''),
(8, '1CRyPtoqbY5JPocJqSYPekZK1pkmMbkWp4', '', '0.00000000', 1515233904, 1515233904, 0, 0, '0'),
(9, '812c357303e64da89c357fcefa6b13fa', '', '0.00000000', 1515237749, 1515237749, 0, 0, ''),
(10, '17ggRJ9MdrWR39USfYuDx6J3wg7qFTbmZf', '', '0.00000000', 1515239089, 1515256711, 0, 0, ''),
(11, '1FywXaq1RRZCzC6su3kB94oXCWbkjspA34', '', '0.00000000', 1515241650, 1515241650, 0, 0, ''),
(12, '37utpryxoWsuTGC7a7Ap9bEzhzq2r9qtCh', '', '0.00000000', 1515246770, 1515246770, 0, 0, ''),
(13, '14mdb3Daf7fw89HT2E82zaJYz4H2tbejrP', '', '0.00000000', 1515248159, 1515248159, 0, 0, ''),
(14, '1LHhMLqMoMKCK3u1MyYxrAFuERVyRT8V29', '', '0.00000000', 1515254999, 1515693959, 0, 1515694195, ''),
(15, '16jFrUtX3aAkipRQwuFivCLKsbVdAo3MTL', '', '0.00000001', 1515257898, 1515257898, 0, 1515258577, ''),
(16, '3EwSvshAC5xmFcmvT7FQCXeg5ZDEPf9z8B', '', '0.00000000', 1515260257, 1515260257, 0, 0, '0'),
(17, '1Q28EdBnCX6LJatGGVHdUcN117yZbUib2U', '', '0.00000000', 1515265495, 1515265495, 0, 0, ''),
(18, '1Lqr1GC4phxGRQwYbDNV8CxBMAccWmdobt', '', '0.00000000', 1515266511, 1515266511, 0, 0, ''),
(19, '1HhteQTo8LfPK4M5JM2aj3C8rnV6MigXmw', '', '0.00000000', 1515270944, 1515270944, 0, 0, '0'),
(20, '1AhGM14Nc1FcSgnHPUz5f9D4HTj98RZnj', '', '0.00000000', 1515277836, 1515277836, 0, 1515278359, ''),
(21, '1iWvibJn2yu2MfdRofVbNLceRZ2eG5eBY', '', '0.00000000', 1515282023, 1515282023, 0, 0, ''),
(22, '15Js15KNPRDZkzaHXoqh9RNzakj4H5f3De', '', '0.00000000', 1515282035, 1515282035, 0, 1515283280, ''),
(23, '1D6GMZT3FRPBmrrLygo7H96ipqUWrMs2NH', '', '0.00000000', 1515282068, 1515282068, 0, 0, ''),
(24, '9rZN7LCMiSvgV89tim1XdYmpYJtanN7CdJ', '', '0.00000000', 1515282145, 1515282145, 0, 0, ''),
(25, '16wmxhXPad28KdjTyz4NeT8eUQxu5NPBhA', '', '0.00000000', 1515282926, 1515282926, 0, 0, ''),
(26, '1NEity6WeKw3muduCkkPGNBjnUDTQhV4AW', '', '0.00000000', 1515285088, 1515285088, 0, 0, '0'),
(27, '16pE1isHxpnW9tCFd1SdMjLDYeT3zFF274', '', '0.00000000', 1515285114, 1515285114, 0, 0, '0'),
(28, '159RG14EgEfdcysFeUYramf1eMTt8WHxHx', '', '0.00000000', 1515285392, 1515285392, 0, 0, ''),
(29, '1Guo3eZnPJfoTVgw2nXEsbf3zFXnuJ4ye3', '', '0.00000000', 1515285991, 1515285991, 0, 0, '0'),
(30, '3CPX36uxvyergQMfoBB62EXxe6JKtNYfCQ', '', '0.00000000', 1515289710, 1515289710, 0, 0, ''),
(31, '3NMfj35pkg2WrATkLEMS8vERXj44cCoo2w', '', '0.00000000', 1515289804, 1515293372, 0, 0, ''),
(32, '1G2JPBHdjgnJJ9KfDFrek3u6yEFzUdZRVV', '', '0.00000000', 1515289842, 1515289842, 0, 0, '0'),
(33, '3LbEmf76BeGcjByKZibhERJRmudvsTyrmV', '', '0.00000000', 1515289843, 1515289843, 0, 0, ''),
(34, '14nKjTpVujrRFnjGxTs3iRwqZCGDixAjbo', '', '0.00000000', 1515289847, 1515325057, 0, 1515325074, ''),
(35, '3N7GiiCwJj9BwC8QanWUAwvbMsvs7XmCJW', '', '0.00000000', 1515289853, 1515289853, 0, 0, ''),
(36, '17y1M39tTfKqoV2iRk5LhYXzxoe4osiUKy', '', '0.00000000', 1515290005, 1515290005, 0, 0, ''),
(37, '1LDEPiUgTH1axjpyTyEb8gU5KcHuaXDNon', '', '0.00000000', 1515290318, 1515290318, 0, 0, ''),
(38, '19AgVFPuTJu5RE9mm8brBULJX3CtC3PkvC', '', '0.00000000', 1515290880, 1515290880, 0, 0, ''),
(39, '1P2Wn6LaMcahiY3R4VPRRjcxg3XzMF2N5h', '', '0.00000000', 1515291555, 1515291555, 0, 0, ''),
(40, '3A6zMS2Qb2HNcePZKXxxGZHNN7JhU12fqE', '', '0.00000000', 1515292953, 1515292953, 0, 0, ''),
(41, '16myes5aCESrnBxDCmpkqnp7q7nuzQBfpv', '', '0.00000000', 1515292957, 1515292957, 0, 0, ''),
(42, '1927Gb8NYSvyRUaqfAgvkCETczL8Y3j434', '', '0.00000000', 1515293056, 1515293056, 0, 0, '0'),
(43, '1DFinmU9hj8C1hJNhcVbFRjC58kpjg7Tm', '', '0.00000000', 1515296494, 1515296494, 0, 0, ''),
(44, '1B48BV5mCRZE7fKZy1oVCfEDbTSdVcmuT8', '', '0.00000000', 1515296511, 1515296511, 0, 0, ''),
(45, '1DU4TrKUJLfnRAw6QPYZySrB6tuajUY4mp', '', '0.00000000', 1515296513, 1515296513, 0, 0, '0'),
(46, '135DG4U9UwsKag4AU4QzpRnHcnLDk6Qo2N', '', '0.00000000', 1515296513, 1515296513, 0, 0, ''),
(47, '1PmPFrTuRZFfDhcLEeYuaEjkH95oogmyDD', '', '0.00000000', 1515296514, 1515302436, 0, 0, ''),
(48, '1BqbWsCSUvugmgphWTsrZ7yk5SvhFLh2BE', '', '0.00000000', 1515296539, 1515296539, 0, 0, '0'),
(49, '1243kXqu7MjnGqUarEWSKZyUD4LTJuQTXA', '', '0.00000000', 1515297064, 1515297064, 0, 0, '0'),
(50, '1ZaBRNHhYJTGivUMY8xB5qTtgVYxpW6wK', '', '0.00000000', 1515297265, 1515297265, 0, 0, ''),
(51, '17rau7PP2YhDC26GepkBEaEfLw5PhmbEdZ', '', '0.00000000', 1515297526, 1516410526, 0, 1515770608, ''),
(52, '16xatj5iqx46yH31PSqhfSJLsCqrNdaZmH', '', '0.00000001', 1515299247, 1515299247, 0, 1515299840, ''),
(53, '1FoSoCz3ZruogpVoixsfHfxPW2WnasEH8H', '', '0.00000000', 1515299264, 1515299264, 0, 0, ''),
(54, '16wPsDSu7MmCZ26UpgcYm1gDzbh88iwi81', '', '0.00000000', 1515299890, 1515299890, 0, 0, ''),
(55, '1NXaWy7CL3ei23DUhnBVc6KZTkkFCYhkeB', '', '0.00000000', 1515303769, 1515303769, 0, 0, ''),
(56, '1Lj8ChscqPQFnij3tKXmn6G1rfb2HQeisA', '', '0.00000000', 1515303789, 1515303789, 0, 0, ''),
(57, '38EzwGJDMdqKngmY1zkZ1j3SE5cTLEUNbD', '', '0.00000000', 1515303840, 1515303840, 0, 0, ''),
(58, '1KmfoZRufLoaA9MTRao2AbWqZSsTY5NhaS', '', '0.00000000', 1515304291, 1515304291, 0, 0, ''),
(59, '1C4zCf3JNRGj9zEg1yrLMFhKiAYtDiH66L', '', '0.00000000', 1515305412, 1515305412, 0, 0, '0'),
(60, '3BzWaCzb5VvdA2U1U4unbJp8ocVtPtf6Fs', '', '0.00000000', 1515307111, 1515307111, 0, 0, ''),
(61, '12AR7ymjSXmsUXgnwR9eaGkU1yDUtRWZRq', '', '0.00000000', 1515307187, 1515307187, 0, 0, ''),
(62, '1BC9wBLB2qaxaFgHVGT6oQ1UCKomLPxVSC', '', '0.00000000', 1515312086, 1515312086, 0, 0, ''),
(63, '15Rsy7kvXm4grSr7xDgeNctVwDyYU5BnzH', '', '0.00000000', 1515313665, 1515697675, 0, 0, ''),
(64, '19icHFYsQfM2kDUV8ye4s5ngSSfzxtPYKR', '', '0.00000000', 1515326185, 1515326185, 0, 0, '0'),
(65, '1KJFUXZkumz1zV29LMDymMyqT1EvxTG27E', '', '0.00000000', 1515327874, 1515327874, 0, 0, ''),
(66, '39BTc5JupertJd5wCteimfvNp6QYjidBqn', '', '0.00000000', 1515328584, 1515328584, 0, 0, '0'),
(67, '1FvQtgFYY6Wx3Z6tNxMSNVm82HzPuTowN4', '', '0.00000000', 1515330723, 1515330723, 0, 0, ''),
(68, '1B19pasiFYAs2DsXZ2fdsqCrUPayNuzfmD', '', '0.00000000', 1515332331, 1517073047, 0, 1515505601, ''),
(69, '3FZEFtqRJA9cQAcWWPn67K5iYNPFCv8LSL', '', '0.00000000', 1515332674, 1515332674, 0, 0, ''),
(70, '151tN3L6sSaG1rLdCesdkXQo7u7ZM14inN', '', '0.00000000', 1515337984, 1515337984, 0, 0, ''),
(71, '14k9sMjACcDACJw8mzhj6h1SfnvNqBAcBC', '', '0.00000000', 1515338436, 1515338436, 0, 0, '0'),
(72, '65ec66b144fb473ca64e8f5a62289a3e', '', '0.00000000', 1515340404, 1515340404, 0, 0, ''),
(73, '1B1ebhUx6VkopK8ZC4GoyWemi9Khcoiy1D', '', '0.00000000', 1515341711, 1515354637, 0, 0, ''),
(74, '1GZfHMcyvtdzEPCPf34Zus5f4jyABuHefW', '', '0.00000000', 1515342930, 1515342930, 0, 0, '0'),
(75, '3JBosjgYYFXw6g2Zs2BMwu2z75KzvqbqEb', '', '0.00000000', 1515343450, 1515343450, 0, 0, ''),
(76, '37UnHwURGsPN56h675bb3cGpwf1MeoeeCV', '', '0.00000000', 1515347386, 1515347386, 0, 0, ''),
(77, '3H8j4DsJoAmJzLo2fFdRnkUT5D8RFPkm19', '', '0.00000000', 1515350116, 1515350116, 0, 0, ''),
(78, '1GD1QtQA2byR3ScmQouERK48aEeRNHhxZt', '', '0.00000000', 1515350612, 1515350612, 0, 0, ''),
(79, '13LTotTKXCJhZRD4HmwvgHjf8yb9mmv1xE', '', '0.00000000', 1515350668, 1515350668, 0, 0, ''),
(80, '14k2Fs9e3DXzgVocjfxT9ZEoCdxbczEtL6', '', '0.00000000', 1515351813, 1515351813, 0, 0, ''),
(81, '184p8x5Qzwkyifesu7L8Toz1kCZ3TWvzZa', '', '0.00000000', 1515352682, 1515514311, 0, 0, ''),
(82, '3QfgLrwmLucaZ49aPSxKMBATys4ZX7RP4s', '', '0.00000000', 1515352939, 1515352939, 0, 0, ''),
(83, '1HPukreh873XZJ7kGyLdS8QzcSMi3bsFyv', '', '0.00000000', 1515352965, 1515352965, 0, 0, '0'),
(84, '1HwMt9bcLRvqpeZ4erk8YaYSP47HtxDqAV', '', '0.00000000', 1515354750, 1515354750, 0, 0, ''),
(85, '1P3sQHxbfUuXBrFfC5vYza8Wo6gNz9XRM6', '', '0.00000000', 1515359251, 1515362871, 0, 0, ''),
(86, '3LBhPyjMmMiBv5oGJAm9ShbWNo8sZQQEwA', '', '0.00000000', 1515363262, 1515363262, 0, 0, ''),
(87, '1NG2xtsmwSNW27LxGxFNTKhAw7eNfeKkb1', '', '0.00000000', 1515367548, 1515367548, 0, 0, ''),
(88, '1Lmske78S9rCDt3LNLsM2QZV8qeokpeXuY', '', '0.00000000', 1515382182, 1515382182, 0, 0, '0'),
(89, '1LphASjF1bJgJFvtjCWE1hzFYH3w8Sj4AN', '', '0.00000000', 1515382228, 1515382228, 0, 0, ''),
(90, '19oCqxhmREywTabWARmvwBqujDcRzrVBP6', '', '0.00000000', 1515382516, 1515382516, 0, 0, '0'),
(91, '3KbPyes5hrcEJGECJN1aGpBerd8frSJKXZ', '', '0.00000000', 1515382591, 1515382591, 0, 0, ''),
(92, '1277QfFfP2gaBiPT3jRAH4n8s2cj1kk7cV', '', '0.00000000', 1515396884, 1515396884, 0, 0, '0'),
(93, '1MdE9SgLeiUqk49nsQgEYCMZfLX7aKK68o', '', '0.00000000', 1515401184, 1515401184, 0, 0, ''),
(94, '3F3jKJcxZokXHEZdz8TrXQ38iqV9Y9soM4', '', '0.00000000', 1515401473, 1515401473, 0, 0, ''),
(95, '37qvta6JSNf947QnwV1EWFN9t8CqKfudUf', '', '0.00000000', 1515409244, 1515409244, 0, 0, '0'),
(96, '31mGNrVEN4TKsNKPjBMey5hGKBYFSKiZUG', '', '0.00000000', 1515409553, 1517221389, 0, 0, ''),
(97, '1H1Qi3UzGtm9PZ2SDbrJwsoeNB8d4HZGq1', '', '0.00000000', 1515410576, 1515410576, 0, 0, '0'),
(98, '1GogJhJbWB825AqmY3XtUkSkCrv5WLvu7D', '', '0.00000000', 1515411464, 1515411464, 0, 0, ''),
(99, '1JeQuVsy7HD6HmZEqPuXGjzDzY7jTHagre', '', '0.00000000', 1515416722, 1515416722, 0, 0, ''),
(100, '1NJJR6tiQE9ULQNUPvrj8goAkaBbJcqQ2J', '', '0.00000000', 1515420758, 1515420758, 0, 0, ''),
(101, '1FqFUjUemaDib3HpeiWeodBnTiuvumCNxh', '', '0.00000000', 1515421037, 1515421037, 0, 0, '0'),
(102, '15Ygd31uUPvaD9yM9DEECbQd4LKFPZLMWZ', '', '0.00000000', 1515427784, 1515427784, 0, 0, ''),
(103, '1Gp1RQhNyP6TkdrbjYjbtUt31BvcoCacTM', '', '0.00000000', 1515428736, 1517537416, 0, 0, ''),
(104, '12M75csucTsJgG6ajgEKjBWo4AhYwLznac', '', '0.00000000', 1515442620, 1515442620, 0, 0, '0'),
(105, '127GJq7wiGnKsYeWRiYspHqJx4Z1Z8xBWj', '', '0.00000000', 1515444957, 1518550162, 0, 0, ''),
(106, '15DcoPi9AhbR5LGdCFZfaJA624azPHhirQ', '', '0.00000000', 1515445938, 1516018283, 0, 1515857176, ''),
(107, '1P6wdcLq18RWY62Nzf5vqH7na8byJGswLv', '', '0.00000000', 1515446532, 1515446532, 0, 0, ''),
(108, '1Fa5F5cXWBtdFBpLZ7doB5tX79H8bJZV7X', '', '0.00000000', 1515447227, 1515447227, 0, 0, ''),
(109, '1GhpyKWkxYuwCdBBdfCE1xTco3aDXTFZQv', '', '0.00000000', 1515452855, 1515452855, 0, 0, ''),
(110, '14hjjMZjCnkGGmUkX6DFsCX4makeV8BXQN', '', '0.00000000', 1515461883, 1515461883, 0, 0, '0'),
(111, '1A6uAUFyFGPu1k79zk8nR2zoDjVEnWseXq', '', '0.00000000', 1515469836, 1515469836, 0, 0, '0'),
(112, '1Q7QKaXt9f6fX87iRDMEg9RnTFqEceoQD2', '', '0.00000000', 1515470157, 1515470157, 0, 0, ''),
(113, '16yDsuwRwEU4rwSR5VTmQ473uUuzJg6BK6', '', '0.00000000', 1515474635, 1515474635, 0, 0, ''),
(114, '3Nsmj2hSippbfbKY5H9FANQMZeYce2aSbv', '', '0.00000000', 1515480445, 1515480445, 0, 0, '0'),
(115, '1LWLUHgG3SDQtwoo6tjUyqdR7ep61oBs4K', '', '0.00000000', 1515484809, 1515484809, 0, 0, ''),
(116, '1EYpkHnDryvuWEeMgUVtUYTQtbDDF5axNL', '', '0.00000000', 1515487276, 1518799196, 0, 0, ''),
(117, '1Hj3cHCStcTdiAELWC4PV19nTXBychJtyZ', '', '0.00000000', 1515499011, 1515499011, 0, 0, ''),
(118, '17mb3NYnNGwrdaDB84HyKESEQFp1ycRM9U', '', '0.00000000', 1515503055, 1515592298, 0, 0, ''),
(119, '18a5w1PAmk4RxiGvrNatpK2YBxToLmoPa7', '', '0.00000000', 1515505088, 1515505088, 0, 0, ''),
(120, '1PfK3EcF3SA3fzyEyRTT89Uzf7njzLjqgP', '', '0.00000000', 1515506155, 1515506155, 0, 0, '0'),
(121, '15KkYXwx63cZsuxnFQEPgYn1z8vZnY2euK', '', '0.00000000', 1515508114, 1515508114, 0, 0, ''),
(122, '17vxHbZafUxDmEKzmJNJqdfqfgrhRC7UtZ', '', '0.00000000', 1515511209, 1515511209, 0, 0, ''),
(123, '1HFBEv4UvgsWaRuKF4AvLm1rWmdd99HTfr', '', '0.00000000', 1515511406, 1515511406, 0, 0, ''),
(124, '36w2ypydXpDgTd71MrPApq2UQCnVH6xZy4', '', '0.00000000', 1515518162, 1515518259, 0, 0, ''),
(125, '1EfFg4aEQZb8ehSBdWcxUFxjUNSfZcmLn3', '', '0.00000000', 1515519502, 1515519502, 0, 0, ''),
(126, '1JyjksVkA3gWP5NLQdSiPDkVVeomm1RRSX', '', '0.00000000', 1515521062, 1515861946, 0, 0, '0'),
(127, '1ELDRzCZq1rU3XKCM9hpAChD9BA5y71HWb', '', '0.00000000', 1515523173, 1515523173, 0, 0, '0'),
(128, '1MTZgTjWWx8Y5sKfPQFoVTiY7Hpb1kKbSC', '', '0.00000000', 1515528284, 1515528284, 0, 0, ''),
(129, '1X7Npmcr7iFVHroekoapozPi5xXRwV1kr', '', '0.00000000', 1515529848, 1515790049, 0, 0, ''),
(130, '1GCsKaY6pPMnVGZQiJRRy3Weg9XGFp7A8x', '', '0.00000000', 1515533440, 1515533440, 0, 0, ''),
(131, '1EcJfbYYXwu3Ge9bqrinr8LWpAziQuCe3M', '', '0.00000000', 1515543626, 1515543740, 0, 0, ''),
(132, '14EZjkaivMtBpLdxc2oQH3E19AochNGEm3', '', '0.00000000', 1515547208, 1518092816, 0, 0, ''),
(133, '1NMTMeihVsSu92zodqF3xRmegUH27tgoqn', '', '0.00000000', 1515552137, 1515552137, 0, 0, ''),
(134, '1MguNXUTvez5nBRfCA5FtAJA2Brs4z1RiT', '', '0.00000000', 1515556120, 1515556120, 0, 0, ''),
(135, '1Hq2gw3RDbhgGLRB9YAM6R37hJ7jMVsTMu', '', '0.00000000', 1515556644, 1515556644, 0, 0, ''),
(136, '3BBZV72gw1qEDakhaeBWqUt7Yr9Q4A5g5F', '', '0.00000000', 1515558935, 1515558935, 0, 0, ''),
(137, '114m6LVghQo7nvDEbnzcZX2HWDTGNae9da', '', '0.00000000', 1515560276, 1515565163, 0, 1515560879, ''),
(138, '1C8sVinWnhaMz7Mn1gcfpSFzDvX3V8WNGY', '', '0.00000000', 1515562203, 1515562203, 0, 0, ''),
(139, '15oi4s7FZEDW15zYPTxmcEuHZYJSfuXGdb', '', '0.00000000', 1515571597, 1515571597, 0, 0, ''),
(140, '1EcdK5EtqA3h5r81Sdmj9JXAMJNmty4WUe', '', '0.00000000', 1515584273, 1515584273, 0, 0, ''),
(141, '1Apkx8oadZ8TbnL3xgLXgLd6kuCP379zTo', '', '0.00000000', 1515586410, 1516732783, 0, 0, ''),
(142, '3K86oqopYSpN4QY1Hf8wmuRDh9bVVP5xdT', '', '0.00000000', 1515589382, 1515589382, 0, 0, ''),
(143, '1MSn5q4rPUAEhosQbqC9wk8XR43zHTXquy', '', '0.00000000', 1515590201, 1515590201, 0, 0, ''),
(144, '19z3JgmJSiSvNprvJ6bLZsxNBwGqqvnjvX', '', '0.00000000', 1515591868, 1515671798, 0, 0, ''),
(145, '1BQFo7gSpSCgMfPcKBPNNp6tQqHwnLXfuP', '', '0.00000000', 1515594719, 1515594719, 0, 0, ''),
(146, '1MYZ2tCP1gMLen8w8PDrka5CJV9YsSDHqq', '', '0.00000000', 1515596732, 1515596732, 0, 0, ''),
(147, '1MzMPMHGcXjDf2BXmRrsDvQjBtcg5F2akp', '', '0.00000000', 1515598059, 1515598059, 0, 0, ''),
(148, '1QKT4SExejCtMCeJtWWFduALDcybG2XcoB', '', '0.00000005', 1515598485, 1518933819, 0, 1518266002, ''),
(149, '1LALz6FRgkTtznULvJHLMzfdTHwkGCi8qG', '', '0.00000501', 1515599239, 1517750773, 0, 1517168806, ''),
(150, '1K4aWPErjtQcB9Su2ynEiCKzECuiGZhYkp', '', '0.00000000', 1515599442, 1515599442, 0, 0, ''),
(151, '1NU255pqpSHYVUreZwywqfUpSyYa8WvCRZ', '', '0.00000000', 1515602193, 1515602193, 0, 0, ''),
(152, '1Nsuo12BJXrXJpZhSzmwCctUTYR9R87v1d', '', '0.00000000', 1515602556, 1515602556, 0, 0, ''),
(153, '1LtxmRZMkiz7cTQnp2y3iNhJLzSSFNiQm2', '', '0.00000000', 1515606725, 1515606725, 0, 0, ''),
(154, '1Mb6W6ertGx67obmezfi6jmyFs6vm6fjXW', '', '0.00000000', 1515607739, 1515607739, 0, 0, ''),
(155, '39hsDWNc3diY7xkTmvWDKMHSYQnz96CFwE', '', '0.00000000', 1515610121, 1515610121, 0, 0, ''),
(156, '1HH5L81cYYwJUu119mSTFU2AAJPu17G3uc', '', '0.00000000', 1515610448, 1515610448, 0, 0, ''),
(157, '1LRCzxZN3kZmimMzeocAhJrh13By5rew6U', '', '0.00000000', 1515614452, 1515614452, 0, 0, '0'),
(158, '14i3FSAEqvdgRw8n9ANyLXuv7b6eeBwczs', '', '0.00000000', 1515617964, 1515617964, 0, 0, ''),
(159, '16rYNZNFPBzh43P2ak9TdvGM7ZaAmWenMt', '', '0.00000000', 1515619021, 1515619021, 0, 1515620136, ''),
(160, '334YQ92ukV3KvokKCkPpif9HtsQEgfzWoo', '', '0.00000000', 1515619814, 1518255548, 0, 0, ''),
(161, '3F9xvBfa46WeA2QwewAnSh1EG8y6u4ksKW', '', '0.00000000', 1515623520, 1515623520, 0, 0, ''),
(162, '12VgmhS8qgkT4EEQ1E9NfAwnuigDuAFsrN', '', '0.00000000', 1515629345, 1515629345, 0, 0, ''),
(163, '18jzhGNhgakMKsisMNdua9dUthKgMfyy4R', '', '0.00000000', 1515630736, 1515948585, 0, 0, ''),
(164, '1P4HGss7p9JhUBXHnytJfRhmueTKvYEQVq', '', '0.00000000', 1515632004, 1515632004, 0, 0, ''),
(165, '1NWAcLachSD2J47fYYhG4uUfW8oCEgh6Lk', '', '0.00000000', 1515633187, 1515633187, 0, 1515638963, ''),
(166, '3P3s53mF91PKHYaELpB9Xxqh8g8D3eZwg3', '', '0.00000000', 1515633946, 1517368225, 0, 0, ''),
(167, '12u76vKEQG1mXLRMZEVaYeqCwM1XybiTfM', '', '0.00000000', 1515635642, 1517159559, 0, 0, ''),
(168, '12DwQE4foMKrquxQCMZKMQ2JihycoWQFXq', '', '0.00000000', 1515644675, 1515644675, 0, 0, ''),
(169, '1C7EuAGAuFkDojiJRaNdBkTcpdEEWjQKjr', '', '0.00000000', 1515646065, 1515646065, 0, 0, '0'),
(170, '1CrrFfXsDMmjwuAFoJeLWYmxQcabQvHzxW', '', '0.00000000', 1515647664, 1515647664, 0, 0, ''),
(171, '17BLuHbA28n1vxKmxo1zxHNJrzSqACPs5W', '', '0.00000000', 1515649907, 1515649907, 0, 0, ''),
(172, '7e803928e6a748259b6cde542cece255', '', '0.00000000', 1515649921, 1515649921, 0, 0, ''),
(173, '1YaorGXGBFudGHHEBPPWPfhbjPW8nyBYB', '', '0.00000000', 1515663171, 1515767437, 0, 0, '0'),
(174, '1MR8cqQ9Wb5WDNyvQ6TweFP7cAtQDSqj44', '', '0.00000002', 1515665613, 1515665613, 0, 1515666885, ''),
(175, 'b3c78c71a47148ef9cfa78ecd61ca562', '', '0.00000000', 1515665704, 1515665704, 0, 0, ''),
(176, '1D9j1rqBeQunbxpdvN3pouT65BgZE2WhQZ', '', '0.00000000', 1515669449, 1515669449, 0, 0, ''),
(177, '1Pf4V67YXRPJsvf52hjQVpoj16tXitpTYC', '', '0.00000000', 1515674614, 1515749377, 0, 0, ''),
(178, '15rUAHUzBfj8kKJM5rUpfB1mVpHVe1bP7U', '', '0.00000000', 1515675855, 1515675855, 0, 0, ''),
(179, '1UcMoyqJ3GsCGN618WJHPYLEU2ACNmYMd', '', '0.00000000', 1515676843, 1515676843, 0, 0, ''),
(180, '19wc7TEQvmEWsVJHYbSV4rCRe19EemZAdw', '', '0.00000000', 1515677015, 1515677015, 0, 0, '0'),
(181, '32Sv49oYJcczoD2xYQjqXhaYbShi8DL4YG', '', '0.00000000', 1515679033, 1515679033, 0, 0, ''),
(182, '1ErcBdLyZPKtDt7t9TAj92MGwgFFLC496m', '', '0.00000000', 1515688012, 1515688012, 0, 0, ''),
(183, '14rRJq2wDw4JPzgPooQSLF7GBMmquCYCJ9', '', '0.00000000', 1515690077, 1515690077, 0, 0, ''),
(184, '14ySitKW4i1dn14PGvyf6Y7uSRbA1hFZS9', '', '0.00000000', 1515695900, 1515695900, 0, 0, ''),
(185, '1KWppuMc5KTxYAuGJGK5hZVManfUw5psbu', '', '0.00000000', 1515699033, 1515699033, 0, 0, '0'),
(186, '12ohwhgWXAA5iL1vBiZ44ZMM42ipJLc969', '', '0.00000000', 1515700295, 1515700295, 0, 0, ''),
(187, '13Mb9xwhjqLi5cffs741zo1uUxpZiHrdf3', '', '0.00000000', 1515703694, 1515703694, 0, 1515704442, ''),
(188, '1BrQKLVDGLcJo3yJ6WNufnKsjfsM9AHzBY', '', '0.00000000', 1515705549, 1515705549, 0, 0, ''),
(189, '14oSuBMNbFfpoSumF5hqkTJUuCuhAcB1fV', '', '0.00000000', 1515706511, 1515706511, 0, 0, ''),
(190, '13Dxnx6tKpBKS1SYBHtRFqhDgR3KaXGkhH', '', '0.00000000', 1515711969, 1515711969, 0, 0, ''),
(191, '1GbrUgthmSdHxCKqaGe4ophuKpq9Tt83sk', '', '0.00000000', 1515714855, 1515714855, 0, 0, ''),
(192, '19MZnZ9RNhiWeq8pK7DNHRF2KEzUf5XDNk', '', '0.00000000', 1515717530, 1515754137, 0, 1515754441, ''),
(193, '1FQKAtRiYDtmrHTq77QChfr6W4Acc7kcVn', '', '0.00000000', 1515718093, 1515718258, 0, 0, ''),
(194, '388Pnpmw9DsST3eQW7eNA85MEiDUTEZwJP', '', '0.00000000', 1515721427, 1515721427, 0, 0, ''),
(195, '15LCio9T5vQ9Vq7HqYG4oSonFkSXkSVjNm', '', '0.00000000', 1515723703, 1515723703, 0, 0, ''),
(196, '1BnxbDJgPyWkd9yj2zz5dWbGh2P3jR3sdq', '', '0.00000000', 1515730629, 1516167049, 0, 0, ''),
(197, '1PRq7busbzXatscybbQmqPwEXQmA7orYjz', '', '0.00000000', 1515732505, 1515732505, 0, 0, ''),
(198, '3LKUcNCHge71Rza1PYwmcQnenRQq8pQpF8', '', '0.00000000', 1515735557, 1515735557, 0, 0, ''),
(199, '1KKPQ2jqwD1hx8y9JDcTdPS5LXCjMUbCZb', '', '0.00000000', 1515738370, 1515738370, 0, 0, ''),
(200, '1F1TwVy57d6JqcoSLc6VLy7xyGbWAg3u9V', '', '0.00000000', 1515738653, 1515738653, 0, 0, ''),
(201, '15Rdow1jVZymsimGW2CeNfBUxj5gF3Sadp', '', '0.00000000', 1515742665, 1515742665, 0, 0, '0'),
(202, '1PDPz61aeHoWyvE6zRo19jfMVt4e4xzNxy', '', '0.00000000', 1515745047, 1515745047, 0, 0, ''),
(203, '19giYEZHV2ypXmvvnqHFjnuZy8gmCAn8pb', '', '0.00000000', 1515745148, 1515745148, 0, 0, '0'),
(204, '1MrcWQrhnJAdYJEmpHFLa3nixvCwmNFMd8', '', '0.00000000', 1515747671, 1515747671, 0, 0, ''),
(205, '1MrX37tzRmnkqvVXtmNw69z2EinE5BWkCF', '', '0.00000000', 1515748039, 1515837404, 0, 0, ''),
(206, '3Aq8CxcsuSYktqGDxBN8nr76U34XDUkddJ', '', '0.00000000', 1515749889, 1515749889, 0, 0, ''),
(207, '194BrxcxfH8KNSUG2PzP5PrmueNXJwyxGa', '', '0.00000000', 1515753587, 1515753587, 0, 0, '0'),
(208, '1MacXpFGadxzx5m4HBCQCPnPMfcNPG3CLP', '', '0.00000000', 1515754992, 1516661976, 0, 0, ''),
(209, '35EJsa8y6LXsrLhDnyvbY43vkCt4Q4aaef', '', '0.00000000', 1515755801, 1515755801, 0, 0, ''),
(210, '13f3hwjo1v7wXD8P7N5WrJYiXACfzrK95o', '', '0.00000000', 1515763292, 1515763292, 0, 0, ''),
(211, '18AuKxGq4tz9mv4mzFcffaj5ivsE437JCz', '', '0.00000000', 1515766247, 1515766247, 0, 0, ''),
(212, '13UcZZpTFT3FjLrNci4L2d7pWMZjcxVqJn', '', '0.00000000', 1515769391, 1515769391, 0, 0, ''),
(213, '1BCL1J3U4uXp3tWaBdRR897EaEpJ8xVSen', '', '0.00000000', 1515775728, 1515775728, 0, 0, '0'),
(214, '1FPz3BVU8EBxUgRaCYq2GSEox6DibsuUpa', '', '0.00000000', 1515778953, 1515778953, 0, 0, ''),
(215, '1DpukDdtixrujoKG7nrafgezEtxxaYGHRi', '', '0.00000000', 1515779091, 1515782649, 0, 0, ''),
(216, '1GoKsEtFvcHZYDE8c6ugewVr8vCWXEFD8D', '', '0.00000000', 1515779800, 1515779800, 0, 0, '0'),
(217, '17QwMCbmQKX5XqudXzPGsznNn8sVFpmWAe', '', '0.00000000', 1515784255, 1515869538, 0, 0, ''),
(218, 'LRaLeaobZAP7yNM5zWC8DJjofbeRAAKgkY', '', '0.00000000', 1515787418, 1515787418, 0, 0, '0'),
(219, '19sTn4bU5Utauv98JYA4W23QJDtWmoVmiV', '', '0.00000000', 1515787660, 1515787660, 0, 1515791451, ''),
(220, '38wmPojPBiZz8KSMtPVUZStvo5zptVfY5r', '', '0.00000000', 1515792019, 1515792019, 0, 0, ''),
(221, '17bcuiXGcB8f4p4TnpyyTmy4YMUcs4ZUt4', '', '0.00000000', 1515796221, 1517947366, 0, 0, ''),
(222, '18qnYFJS1axw4mTMPvvcvGimHDSNKrv3Vh', '', '0.00000001', 1515798133, 1515798665, 0, 1515799606, ''),
(223, '12MCw3KCwm1Vcc7zvPbnHajW3Js42cStah', '', '0.00000000', 1515798841, 1515798841, 0, 0, '0'),
(224, '1LKvXTQXA8376kfjPgsnGaV78pKYE2yWzH', '', '0.00000000', 1515799376, 1515799376, 0, 0, ''),
(225, '1LXhByPfCaKhbvFDDZcL62imER1V88zJ1B', '', '0.00000000', 1515803765, 1515803765, 0, 0, ''),
(226, '1A9EHtiu6h7rFcPPwwprq7wCS6QPRzzd7S', '', '0.00000000', 1515803778, 1515803778, 0, 1515804380, ''),
(227, '18wtpiZHGioHQhShG2qAGbZBHVVL5ApRRL', '', '0.00000000', 1515806561, 1515806561, 0, 0, ''),
(228, '159FWmmDisBTxxHQLB7vee1JvjDqfP4J7f', '', '0.00000000', 1515806777, 1515806777, 0, 0, ''),
(229, '15ZpqkPunR3mjAjbhBmRZ4k917jXP9Y4qS', '', '0.00000000', 1515807417, 1515807417, 0, 0, ''),
(230, '12VSUBJtDN6K4tLaXpe6vHmxALUwxfnffw', '', '0.00000000', 1515807898, 1515807898, 0, 0, ''),
(231, '3FukLKpyBESLG8vPzr4o78feGBHS21vMmW', '', '0.00000000', 1515808123, 1515808123, 0, 0, '0'),
(232, '3QPMZRXGGfWZnkYLmwhyWokBceRXoNGYUi', '', '0.00000000', 1515809562, 1515809562, 0, 0, ''),
(233, '1Dwzta1NPPRgFptF7YfNLvuF13U9Vabr8K', '', '0.00000000', 1515811911, 1515811911, 0, 0, '0'),
(234, '1KjGGj2RTGY9MzGDLxiqippFsHDoGyKpfj', '', '0.00000000', 1515811941, 1515811941, 0, 0, '0'),
(235, '1Fn21zVhFMHrsTbubXqdry6iwEn1zLS2dA', '', '0.00000000', 1515814969, 1515814969, 0, 0, ''),
(236, '19pthLcsjjebngYQvFpMn3AGzEneCBCc5j', '', '0.00000000', 1515816992, 1515816992, 0, 0, ''),
(237, '1QDShZsXeKHx6c3K8o1BiMuKiv8atvunV', '', '0.00000000', 1515825789, 1515825789, 0, 0, ''),
(238, '3GGVFYD5tVwQ8SHCAYsMRtbXbpDDgskNcD', '', '0.00000000', 1515831032, 1515831032, 0, 0, '0'),
(239, '1GkDWtMUi7wQt25PeGuU19G3DVGuvd5CGU', '', '0.00000000', 1515831693, 1515831693, 0, 0, ''),
(240, '1Dp73dwGSu6kXJggAEFDXB5KFBbezj5ebK', '', '0.00000000', 1515841323, 1515841323, 0, 0, ''),
(241, 'LcpJMPRz11pMZXe2Kxx7drvomEbWfWtq3W', '', '0.00000000', 1515843257, 1515843257, 0, 0, ''),
(242, '1NL6m36KvBnKFho5H6zUHTY7H9ELM39noY', '', '0.00000000', 1515844495, 1516918167, 0, 0, ''),
(243, '1GLkzQq9dX8DNo5yj2iUtavySyFekKXZvU', '', '0.00000000', 1515846954, 1515846954, 0, 0, ''),
(244, '1AiA8hb2xdx9pWarU59SLHm1rhCEUJbeDu', '', '0.00000000', 1515847432, 1518474306, 0, 0, '0'),
(245, '3LPWQSqpoZU2ac8PmnYFC93czDEgZYZz1m', '', '0.00000000', 1515850043, 1515850043, 0, 0, ''),
(246, '127VVptNsSXKP8G8TZqnyKzScsxGkYfXa3', '', '0.00000000', 1515858469, 1515965917, 0, 0, ''),
(247, '13Z1QBjx19UEkSEFtYwst1NeypM72ZqPJ6', '', '0.00000000', 1515859786, 1515859786, 0, 0, ''),
(248, '15HyR5Ryn4oMjxby4nRxeZYpPN9PmqxB7d', '', '0.00000000', 1515859990, 1515859990, 0, 0, '0'),
(249, '1G8MTDjtVsJoBeQe8p9hrBemivmgJ8KESS', '', '0.00000000', 1515862902, 1515862902, 0, 0, ''),
(250, '1B3pYpZzJZh1UrxxinoB8fZbRCTiHCWX7b', '', '0.00000000', 1515863923, 1515863923, 0, 0, '0'),
(251, '18WUUv4Z5H3vV1WDtFSQaHPbhJpr8ebmhe', '', '0.00000000', 1515865019, 1515865019, 0, 0, '0'),
(252, '1PgSYuyhCCmEagnuwubABkhKMfzHmcBj5Q', '', '0.00000002', 1515867126, 1515867126, 0, 1515869479, ''),
(253, '1Lbh8T9KiadZbrj5qivthrtzrMsonp3VEQ', '', '0.00000000', 1515870821, 1515870821, 0, 0, ''),
(254, '1ENh5xvjyBoV91GSSww73YmjdPdwy7uY2p', '', '0.00000000', 1515872902, 1517934892, 0, 0, ''),
(255, '1JydpUUE2sahNwWNTTgjXysD4cuyNTChT6', '', '0.00000000', 1515873716, 1515873716, 0, 0, ''),
(256, '1JTCZjveQ1jvu4opabfiBTPaac9EYuYgeS', '', '0.00000000', 1515879128, 1515879128, 0, 0, '0'),
(257, '15NitE84xm277xyD86u8srzVnkzcpeho8o', '', '0.00000000', 1515881075, 1515881075, 0, 0, ''),
(258, '1MuQ1JWAqrhhqEgBVXuiggBNzTdSYnrVZX', '', '0.00000000', 1515881135, 1515881135, 0, 0, ''),
(259, '1JDEnUFLsFrcEQ5CwLNEV575NzX5HMh1ZN', '', '0.00000000', 1515883055, 1515883055, 0, 0, ''),
(260, '15Qp9VJVFT1nhM6cF8BPD2X5X6CxBTSSsd', '', '0.00000000', 1515884936, 1515884936, 0, 0, '0'),
(261, '3D1btGMTWX8Ah9WrfkUksQftABTxWBGU3Z', '', '0.00000000', 1515887989, 1515887989, 0, 0, ''),
(262, '3DU89zbZn3MEAjtUjDRW4NiYZCc1YLeQjc', '', '0.00000000', 1515892337, 1515892337, 0, 0, ''),
(263, '1G32YyCPpjvX3tFKXbvpSeJewfKT3ZaftR', '', '0.00000000', 1515899717, 1515899717, 0, 0, ''),
(264, '1Ank7WUfUkFLJVTAdkEEbeahurW5bfwjSr', '', '0.00000000', 1515909756, 1515909756, 0, 0, '0'),
(265, '1BsXinaEQgq2Nk6eYSqr3zhkx5QppZ5sb3', '', '0.00000000', 1515914628, 1515914628, 0, 0, ''),
(266, '17hh7BYm43hc2R3i956L2Dgw1s3KE62UaV', '', '0.00000000', 1515917376, 1515917376, 0, 0, ''),
(267, '1HRNd9XYtGm9y2ay5W98JBmHsW4EcNreyr', '', '0.00000000', 1515925911, 1515925911, 0, 0, ''),
(268, '1DK6WDsMSqbEwFkf9a8L9WPizqhgnufA8P', '', '0.00000000', 1515927712, 1516460207, 0, 1515967334, ''),
(269, '3ENDsSnmuxXxVZ226oFJrn7aKcxAB1kJFu', '', '0.00000000', 1515928472, 1515928472, 0, 0, ''),
(270, '1CN2GnfjqaJ2zWXpjV4CAFGt6j2PmqUtEU', '', '0.00000004', 1515944384, 1515944384, 0, 1515945003, ''),
(271, '12QACTka9yy8BwQ12JD4f37WCsP6JK96Yy', '', '0.00000000', 1515944849, 1515944849, 0, 0, ''),
(272, '1LPNt4uby2jqAVgxKbFNdWVdca8T7CyPCi', '', '0.00000000', 1515949107, 1518331125, 0, 1516603139, ''),
(273, '1BY7QWd6YFehyLkyjgyJ9STgNwXzmCpxyn', '', '0.00000000', 1515951020, 1515951020, 0, 0, ''),
(274, '16uohzW8YFfYUS3eQfzUV1XBeZmT1Rcssv', '', '0.00000000', 1515952711, 1515952711, 0, 0, ''),
(275, '1NYzt25SWPBvDbuV55rZoWyY5ZqXwi5F96', '', '0.00000000', 1515953141, 1515953141, 0, 0, '0'),
(276, '1NySaYHvVnGje4CnR3fEuF8rj7dzjMBc3q', '', '0.00000000', 1515959388, 1515959388, 0, 0, ''),
(277, '3R2Nodq7Ej33ccjASz5wLitAhbHvbbzfFt', '', '0.00000000', 1515961356, 1515961356, 0, 0, ''),
(278, '1BST3j3mGSkCon43aHz7LtS7aNPsd4jefm', '', '0.00000000', 1515963241, 1515963241, 0, 0, ''),
(279, '1FoztccDR2MbcNJHfEKmEUrA2FNpRa2ZSa', '', '0.00000000', 1515963295, 1515963295, 0, 0, ''),
(280, '1Au3rgGEcoi1GYXsntB9iajngYNs7bNWqd', '', '0.00000000', 1515970902, 1515970902, 0, 0, ''),
(281, '12t6qBK7mL8ActRHXwPxFjfoQYvxoG6kkR', '', '0.00000000', 1515972258, 1515974536, 0, 1515975033, ''),
(282, '3Epu8SfHhg1Q96RBi2HMvXUTmxwWc4K8vi', '', '0.00000000', 1515974401, 1515974401, 0, 0, ''),
(283, '12oh5SxUPR8ZHAYBfUNiSbnF2j8pfMiWXd', '', '0.00000000', 1515980167, 1515980167, 0, 0, ''),
(284, '1Gv5zx3Cd8wbP9hnxQhBsVj4s4ckFVTALP', '', '0.00000000', 1515989073, 1518037631, 0, 1516655418, ''),
(285, '19pBtUXFAYNYbJW23RozGmLh8JVqPt3AyZ', '', '0.00000000', 1515998374, 1515998374, 0, 0, '0'),
(286, '1EowkzcvBoM11iHPExNmL6UWqXfPWSG8Db', '', '0.00000000', 1516000665, 1516000665, 0, 0, ''),
(287, '5a8dccb220de5c6775c873ead6ff2e43', '', '0.00000000', 1516001064, 1516001064, 0, 0, ''),
(288, '12pyV3JQ462GZWXxmmCUNMBktHuPBwyb72', '', '0.00000000', 1516001171, 1516001171, 0, 0, '0'),
(289, '1hDawizfAF1kcBVJ3sGF427tjgpzXuZFJ', '', '0.00000000', 1516007429, 1516007429, 0, 0, '0'),
(290, '1Cz2PHqBMjWhaYrr19QGZxzvRLdRodi5Eg', '', '0.00000000', 1516011098, 1516011098, 0, 0, ''),
(291, '19HVjcsFt74j9TKnsr1EGMVswPXDhn3ozR', '', '0.00000000', 1516012566, 1516012566, 0, 0, ''),
(292, '3GbbZQDSnu1pPi9fHdMFqHg6h3C9V7Rieq', '', '0.00000000', 1516013481, 1516013481, 0, 0, ''),
(293, '37uQyiBdwpnHxcEdgw7bkoTnqA99Rj1PC4', '', '0.00000000', 1516017764, 1516017764, 0, 0, '0'),
(294, '13oU3AXWfsXtHq75kakwvcJKEWwc8s9G14', '', '0.00000000', 1516021217, 1516021217, 0, 0, ''),
(295, '15FokPmXujYoYWbVq1LUrgYfjsFSTp1hLC', '', '0.00000000', 1516022756, 1516022756, 0, 0, ''),
(296, '1Aagrex5ZvFY7VCtbitveyM7mjqLXjHBug', '', '0.00000000', 1516024954, 1516024954, 0, 0, '0'),
(297, '18purSV6qbEqN9WZAtQza9rWCacjxw198u', '', '0.00000000', 1516025176, 1518141157, 0, 0, ''),
(298, '1FeuxkqpKMjUL6nuUXYQdQjJ64hZH7uw79', '', '0.00000000', 1516029021, 1516029021, 0, 0, ''),
(299, '1LhxXTEBnYzBQpsFNmw17g4ZGWYBWVsZsx', '', '0.00000000', 1516046418, 1516046418, 0, 0, '0'),
(300, '14FdsxQHVJscXLqSuS4QkB7Fc1PEPJmYp2', '', '0.00000000', 1516048153, 1516048153, 0, 0, ''),
(301, '3FrNpNjPe7rqmKVKLcSwG2aTJ27eTKc95K', '', '0.00000000', 1516048870, 1516100382, 0, 0, ''),
(302, '17PV2ztwPNc9T7KpKN4iZmCrP9HHa8LCJ6', '', '0.00000000', 1516053444, 1516053444, 0, 0, ''),
(303, '1GRoT19VZ7MGqg5aPkkp6abpoJB2HvTL5U', '', '0.00000000', 1516058396, 1516058396, 0, 0, ''),
(304, '3NEtro5jVXLksnAGwKRXQGYbyyFsNsTzgZ', '', '0.00000000', 1516058606, 1516111114, 0, 0, ''),
(305, '1Kx2djp6Tka3v2ZHKnsFuZwWhs6cWMYgRs', '', '0.00000000', 1516058824, 1517174597, 0, 0, ''),
(306, '1LGowEavG5wMDxde8RRAUg13fYKpT4rX6R', '', '0.00000000', 1516065820, 1516065820, 0, 0, ''),
(307, '1GrNE2DuQFFBhZuqctBcwKdLcgRBkESW2i', '', '0.00000000', 1516078166, 1516078166, 0, 0, ''),
(308, '3AuAwFWXXWZ4JTpyVSKH2ydDKts3J3h3k1', '', '0.00000000', 1516079957, 1516079957, 0, 0, ''),
(309, '191pHL5Le6k68bLhaeoDKZU99dyGL6UEXw', '', '0.00000000', 1516090272, 1516090272, 0, 0, ''),
(310, '1MEV5S9JwAPR7ekjiP7ofCzk4YMkPxfinB', '', '0.00000000', 1516093074, 1516093074, 0, 0, ''),
(311, 'httpsbitcofaucetclubindexphp', '', '0.00000000', 1516094475, 1516094475, 0, 0, ''),
(312, '1PvRVJWTUBZqa9SCpPpBErK4K3hHLLgc88', '', '0.00000000', 1516096667, 1516096667, 0, 0, '0'),
(313, '3Hxv5yBvnhGaPuUii4P3UWEiCJKeQHchcv', '', '0.00000000', 1516096687, 1516096687, 0, 0, ''),
(314, '1CWFy9ZG1W8vT3RqR96sAsqDbEhiJAfFYh', '', '0.00000000', 1516112596, 1516589580, 0, 0, '0'),
(315, '3DDTCj8PaZvHkCBK4LK7gVzWLX1FamjftC', '', '0.00000000', 1516112720, 1516112720, 0, 0, ''),
(316, '12oRPCK8xadn5iPj8njP4VZDwrzvte1AHq', '', '0.00000000', 1516113001, 1516113001, 0, 0, '0'),
(317, '37VBTpbCApb4UaMShn57Bbr2w1ZJzeqL4r', '', '0.00000000', 1516113357, 1516113357, 0, 0, ''),
(318, '1B9PW3bD1Qez2mXMSKKWoFT8peW7DUT8fr', '', '0.00000000', 1516116491, 1516116491, 0, 0, ''),
(319, '1BaWZLKRHMShbeAsFHrj3hhHxsukeydm1v', '', '0.00000000', 1516118454, 1516118454, 0, 0, '0'),
(320, '31pMSJ4taJbGWMPBWfSgPP6ASnovYBJ1gZ', '', '0.00000000', 1516131060, 1516131060, 0, 0, '0'),
(321, '1546Gd9QECi2A63QyL51sRvPNeikVCNEPG', '', '0.00000000', 1516131890, 1516131890, 0, 0, ''),
(322, '16LDYcq8DPVXXX3XeRZWYShxZymGSnp7Uv', '', '0.00000000', 1516134540, 1516134540, 0, 0, '0'),
(323, '187vjKLLSjmW8fUdn2ixs6VqE5KYfQWVKT', '', '0.00000000', 1516138296, 1516138296, 0, 0, '0'),
(324, '1MhQJLnED5n3rW5irdR2G1rXZS2p7dq9S3', '', '0.00000000', 1516139901, 1516156774, 0, 0, ''),
(325, '15cfVmSFTmAgJ4r6BpERAKsG9yBjAfuXbn', '', '0.00000000', 1516143989, 1516143989, 0, 0, ''),
(326, '1FJGh5xtKYgunLnkPGhQnQJ6ysR3jwQqrr', '', '0.00000000', 1516167465, 1516167465, 0, 0, ''),
(327, '1NjYmKQcLjCU1SVUMLWimCnm8VtmFucnYb', '', '0.00000000', 1516172218, 1516172218, 0, 0, ''),
(328, '1C6G47ei5tQHkUnbPBK8D2rufyGXnBkaRW', '', '0.00000000', 1516180261, 1516180261, 0, 0, ''),
(329, '39njxrd4cRbrj5HthmfUybGUG5o5jpETFP', '', '0.00000000', 1516180346, 1516180346, 0, 0, ''),
(330, '1DbHjUQGi5hdYRdJfCeLSnfdhvADS1ZjE3', '', '0.00000000', 1516185822, 1516185822, 0, 0, ''),
(331, '1EPZVS3nQ2y46aTLAEUzEJy6ftWtAcyi6y', '', '0.00000000', 1516204085, 1516204085, 0, 0, ''),
(332, '1JDUhzht8vrNtRfQ8xxwhKy9EfWsrRMaGi', '', '0.00000000', 1516204882, 1516204882, 0, 0, ''),
(333, '144JCzp76v1kdGKXR5FpQC76F6uTKb7GyB', '', '0.00000000', 1516206357, 1516206357, 0, 0, '0'),
(334, '1LUDnrSvgk2X5s5SUKbMx9DprGQvDt93Kf', '', '0.00000000', 1516209564, 1516209564, 0, 0, ''),
(335, '16euCTZme8mfsx7aQpfcbd76joQKksZQq1', '', '0.00000000', 1516211429, 1516211429, 0, 0, ''),
(336, '1Bvv37sQDR4EC1a9N2e3N9xzJwVAiuYKBg', '', '0.00000000', 1516214507, 1516214507, 0, 0, ''),
(337, '366WU21QJ8M9UqjRGC9TRuGvb2v5sZp2Mz', '', '0.00000000', 1516214609, 1516214609, 0, 0, ''),
(338, '1E8einzP9nGuJoE8ABgJkmxrAoJP9Zeg9Z', '', '0.00000000', 1516216481, 1518688211, 0, 0, '0'),
(339, '1LJRbrCSggS2K4Yff9EmdAhST2vRpWBkk4', '', '0.00000000', 1516216497, 1516216497, 0, 0, ''),
(340, '18eTP6wtJnGog8g3JW2JAKmKHgg9BGPJ1T', '', '0.00000000', 1516218335, 1516218335, 0, 0, ''),
(341, '15HDmuJ4uRQYVgFBvGuthkc8rfojSkSNaA', '', '0.00000000', 1516223209, 1516223209, 0, 0, ''),
(342, '18SRt9kkpRkFxwPaMXnbwXRSTNkKeYhzBU', '', '0.00000000', 1516225108, 1516225108, 0, 0, ''),
(343, '1K2VFUAY76Qsy9sKth5THzNe2DnUGFmGdU', '', '0.00000001', 1516226218, 1516226218, 0, 1516226654, ''),
(344, '1EmAV3cJz9GSY4LvhCzJph8QMLkZxDYiAF', '', '0.00000000', 1516226553, 1516226553, 0, 0, '0'),
(345, '19VQbGcMksURyrb6CEoEG5CfvC9QWCaEha', '', '0.00000000', 1516239000, 1517627139, 0, 1516339294, ''),
(346, '1Gk9vy2PoJQuvTvRXF1TJBveZYka5JkEGk', '', '0.00000000', 1516250156, 1516250156, 0, 0, ''),
(347, '13Xgrz3vjgigNMbNK9caUHX1DXBtZmYwYx', '', '0.00000000', 1516259275, 1516810572, 0, 0, ''),
(348, '16yXh11PfcK7ZxNvVT6a5s7SyNW4miDDz4', '', '0.00000000', 1516266338, 1516266338, 0, 0, ''),
(349, '1EVFMfLRGUNvTiG6LewP67zA9SHMjigbjU', '', '0.00000000', 1516266756, 1516266756, 0, 0, ''),
(350, '1HvvN7p4zvYiVg3mjRjf8wzo4kh2nZEs3b', '', '0.00000000', 1516270816, 1516270816, 0, 0, '0'),
(351, '17sPpPcqGn7Rybe2DmvJtBCabwhrTFutFo', '', '0.00000000', 1516283224, 1516370793, 0, 1516294170, ''),
(352, '1MT2h22hBMJuY7Sog2wbTtPabrkjaJCSHR', '', '0.00000000', 1516286506, 1516286506, 0, 0, ''),
(353, '12NSXvp2PLx72yKQohjJ94e7ZLbzeEPssZ', '', '0.00000000', 1516289888, 1516289888, 0, 1516290835, ''),
(354, '15f0c16709f04ea99033d9a9d870625c', '', '0.00000000', 1516294602, 1516294602, 0, 0, ''),
(355, '1FGA7dK2bKMKzWdzEyDUUBEzgg3VuYSD7C', '', '0.00000000', 1516296676, 1516296676, 0, 0, '0'),
(356, '3GDAECSXt6fp2yi84oUKxjqDYC37rfHYbi', '', '0.00000029', 1516320847, 1517227993, 0, 1517228036, ''),
(357, '3MbynkQybuKG9f6oSAgsYkp5gKbxYQt1Lm', '', '0.00000000', 1516320962, 1516320962, 0, 0, ''),
(358, '14vdkZtMd2GSBHWV2RJqiDgQncmSEqisNm', '', '0.00000000', 1516322732, 1516322732, 0, 0, ''),
(359, '18jfEhKd4NThWAeEsK48HJ9CfYSQz1L6Wj', '', '0.00000000', 1516325815, 1516325815, 0, 0, ''),
(360, '1cZUY7gJzsZxHS9Qsr4dvGzF5XNNtJwB5', '', '0.00000000', 1516337455, 1518954765, 0, 0, ''),
(361, '1LxXY2yaQF2C7UqekbnrUgynEGGQnpF4DL', '', '0.00000000', 1516338038, 1516338038, 0, 0, '0'),
(362, '1BRZDi6E98GoxNLYRStEb9Do41MQy2G7Td', '', '0.00000000', 1516338240, 1516468098, 0, 1516377721, ''),
(363, '1HgLw3uYK6sN35FkZ4G78qpRVWUCrmwKxw', '', '0.00000000', 1516354234, 1516357873, 0, 0, ''),
(364, '1P6Lu1GjubbYBqYbpgGVGSvuMmMcqSVX9z', '', '0.00000001', 1516356071, 1516356071, 0, 1516356415, ''),
(365, '1HDzCag9CwW8GNLeGjcQo76AKt18Zy2uW9', '', '0.00000000', 1516358370, 1516358370, 0, 1516359560, ''),
(366, '1PRvjdKfWLurh76a2yVL8SUbbshCsG3N3M', '', '0.00000000', 1516361521, 1516361521, 0, 1516362078, ''),
(367, '1MQNJR3MCnv3xWbG8nxkwh8Q9YMW6WvPhU', '', '0.00000000', 1516371943, 1516371943, 0, 0, ''),
(368, '1NuX8dKpczhxom3g4K9qH6nCL2rCe4iu4T', '', '0.00000000', 1516372900, 1516372900, 0, 0, ''),
(369, '1LzKKwu2hnjKgixP16896HzqYNAYJGtj35', '', '0.00000000', 1516374374, 1516374374, 0, 0, ''),
(370, '1JQk31JSZS1T3xQZrd1RasckvLBGT2Ya2X', '', '0.00000000', 1516375465, 1516375465, 0, 0, ''),
(371, '3EGvhfHsKZrDEMpHhajp3fhpeXkUAn836e', '', '0.00000000', 1516379231, 1516379231, 0, 0, '0'),
(372, '154Gj7sY8ihmZS7qEKuKvjaX3UuJReCGNA', '', '0.00000014', 1516386117, 1516450733, 0, 1516447291, ''),
(373, '1NQC2qTdxSAv9g8FRS53GRJDjx64YQyTzc', '', '0.00000000', 1516388226, 1516388226, 0, 0, '0'),
(374, '3P1PTdhTh4m6xpVDdSSMECw3xiuawoV5wa', '', '0.00000000', 1516398886, 1516398886, 0, 0, ''),
(375, '32rWrYiXRZcgQNz8fex9RiPW1eP3KMQRE7', '', '0.00000000', 1516404057, 1516404057, 0, 0, ''),
(376, '1LuKRAyL6Hjpf2rTCTVQmpRnjSn7StE6ee', '', '0.00000000', 1516404124, 1516407795, 0, 0, ''),
(377, '1CUJeT1G3fZzN6TNRRppX2SySKtqWHTwP2', '', '0.00000000', 1516405767, 1516484671, 0, 0, ''),
(378, '1BdusJXYcer9NcJSRdoHmXQcTHe1kP95RA', '', '0.00000000', 1516409358, 1516409358, 0, 0, '0'),
(379, '1M9aXbbnxXkzHeDopUJNeFXFpPT3XTHmPh', '', '0.00000000', 1516412646, 1516412646, 0, 0, ''),
(380, '1BuBM3AErZYhQH95TFichU2PLyHcokap9', '', '0.00000000', 1516419274, 1516419274, 0, 0, ''),
(381, '3Dyx1T2Lpid2t8cQb238M4v8hBmT4rfyW5', '', '0.00000000', 1516430429, 1516430429, 0, 0, ''),
(382, '1JYfbj5TV3eetFLWYKdnqzuLWNPxF1QQnA', '', '0.00000001', 1516444003, 1516444003, 0, 1516446695, ''),
(383, 'httpswwwbinancecomref22565087', '', '0.00000000', 1516454044, 1516454044, 0, 0, ''),
(384, '3MWMu52AbbMGmeeSGtcUbYGHFxEScoSrw', '', '0.00000000', 1516457838, 1516457838, 0, 0, '0'),
(385, '138WLteQRoHhfZKUAQjhqPyUhYMSR8PjFM', '', '0.00000000', 1516457896, 1516886191, 0, 0, ''),
(386, '1994dz6gMC92pLdVgrxxBrmw2Yqe4JcLko', '', '0.00000000', 1516458242, 1516458242, 0, 0, ''),
(387, '1BM7J9KdVXsujmtLPNbqYpQ7nhjwJmD7Vn', '', '0.00000000', 1516458569, 1516458569, 0, 0, ''),
(388, '32UXGoRG9VReT5BkxVtZRb9unXdxAb8af6', '', '0.00000000', 1516460593, 1516465281, 0, 0, '0'),
(389, '1DG9zwj2T5NuTJqvuCzWEqAxvcGDBkEELq', '', '0.00000000', 1516460975, 1516724847, 0, 0, ''),
(390, '1MgQNp3HARsSPMNthqrcuQumjHF8QCWKsh', '', '0.00000000', 1516461535, 1516461535, 0, 0, ''),
(391, '1KoWPnXDqQvUdyb2d8eMZbMrvyRd9xqJdq', '', '0.00000000', 1516462601, 1516462601, 0, 0, ''),
(392, '12zBDvCcBAyKq3E6Vt6NfK9gKUQ7NdvsEG', '', '0.00000000', 1516478586, 1516478586, 0, 0, '0'),
(393, '1AevpdsHA5yUrZfAQGnoG3jLs5LDWTY38', '', '0.00000000', 1516480782, 1516480782, 0, 0, ''),
(394, '12cXoNjmVyyNPt44wjPjbGXGTKXYkKJyHN', '', '0.00000000', 1516482472, 1516482472, 0, 0, '0'),
(395, '15JGsTJRhMAfdnhHTLJXWZsLo5kwfdbVNo', '', '0.00000000', 1516491756, 1516491756, 0, 1516492794, ''),
(396, '1JsewiCkKvzrdhXJiAEjZVxGNkm4mAxcvs', '', '0.00000000', 1516497451, 1516497451, 0, 0, ''),
(397, '3ByanLYPFDPJo6ZkVuwXrNMdbr8MvaZK8C', '', '0.00000000', 1516502421, 1516502421, 0, 0, '0'),
(398, '1MGQdCgp24bSrc18J937M4gUiejtj7rHE8', '', '0.00000000', 1516502547, 1516502547, 0, 0, ''),
(399, '3KvWEsQhwuk2YYE7ccNb77JaUe2e55hLZW', '', '0.00000000', 1516506146, 1516506146, 0, 0, ''),
(400, '19h9itKvWu3KtGQR78DYHKepzc323HFzpd', '', '0.00000000', 1516515872, 1516515872, 0, 0, ''),
(401, '1AzGYjpYQPT8LVzn71GPy8Di69qrcmFo3i', '', '0.00000000', 1516518696, 1516518696, 0, 0, ''),
(402, '1D6RTmxQhSVTXxhXo3ehmJAeYBsDN8m2Tt', '', '0.00000000', 1516524202, 1517494742, 0, 0, ''),
(403, '17CT98usNv3bvZyTKKY2r47fJn9VQK8htp', '', '0.00000000', 1516532136, 1516532136, 0, 0, ''),
(404, '1HtWizJryNLHtaBuZdBDS1LCYCgoWC8KUp', '', '0.00000000', 1516532998, 1518841223, 0, 1516535200, ''),
(405, '1qA313yNGvwBxpAqqoGQBHQwYNYL27QMz', '', '0.00000000', 1516535340, 1516535340, 0, 0, ''),
(406, '3H1bvk95uFj7ikkBHjSx49CifCg5nCVRRZ', '', '0.00000000', 1516537890, 1516537890, 0, 0, ''),
(407, '1B9Gdh9BF4tVXnYE1Tz5HN6F72uVuHwfZT', '', '0.00000000', 1516539475, 1516539475, 0, 0, ''),
(408, '1DhSVLhnzHxnpGbPaaRchHRDxbdfKhjkJM', '', '0.00000000', 1516539581, 1516539581, 0, 0, ''),
(409, '16uQLHmDrdQ24ySEtq4wk4gB5eKgufpPH5', '', '0.00000000', 1516547952, 1516547952, 0, 1516551458, ''),
(410, '33p6sCNgjMAyAgyRB5ANxVJmbjkUk7rZcP', '', '0.00000000', 1516550670, 1516550670, 0, 0, ''),
(411, '1CX9S3MxggH2uvdoe2BCimbPnf8peq1Pzr', '', '0.00000000', 1516552083, 1516552083, 0, 0, ''),
(412, '1ANbiEPwRLvgM4ExDvutjwCTtG1HefptPm', '', '0.00000000', 1516555800, 1516555800, 0, 0, '0'),
(413, '1PWBa55XSB1yGGcXDSL5ufRKbRB5tUXRMW', '', '0.00000000', 1516557372, 1516557372, 0, 0, '0'),
(414, '1Fj1Buk5opoAv2x39QxnvfXRJ3mcgaZtkQ', '', '0.00000000', 1516558700, 1516558700, 0, 0, ''),
(415, '1ESuKyhASDy9B9pznVcyBRAcETuUHrRcfn', '', '0.00000000', 1516592323, 1516653149, 0, 1516653175, ''),
(416, '3PhHPDbNxYJWYLWpVVtwJLMU9jDChEyYJ4', '', '0.00000000', 1516595809, 1516595809, 0, 0, ''),
(417, '18u32KXPfGX5EMznwiusFBRP5C7NuRdhS5', '', '0.00000000', 1516605032, 1516966010, 0, 0, ''),
(418, '1Dan2VrFGxMzBvkiCBhQA31ghxWwRtwh6E', '', '0.00000000', 1516614225, 1518253764, 0, 0, ''),
(419, '1GYr9JtQRy41Qs83N79Q1mEbc64wc2KoPM', '', '0.00000000', 1516621196, 1516621196, 0, 0, ''),
(420, '3CsSLpM86vjMMVThRdErtc2xYRSwE6h9Mn', '', '0.00000000', 1516621709, 1516621709, 0, 0, ''),
(421, '14RsRbQCturngHthDNzTggqPNSmPcHAtxB', '', '0.00000000', 1516624970, 1516624970, 0, 0, ''),
(422, '1FUCTkvF8UfPg2QsoZE7hWGhZipD4iUpj5', '', '0.00000000', 1516625512, 1517509802, 0, 1516627807, ''),
(423, '1AbA5rdcANU6GjtJFFeqkGj8NRcHYsodJx', '', '0.00000000', 1516632293, 1516632293, 0, 0, ''),
(424, '12WccozotiVng996rh5PqZkJjj89gvjeU5', '', '0.00000000', 1516639497, 1516639497, 0, 0, ''),
(425, '1FBmkFBapwH1GrWeVJiKpWW9Se2qP5ZmBs', '', '0.00000000', 1516642094, 1516642094, 0, 0, ''),
(426, '17VMhabTD5Rv6r6RtZ1pKCJKsqLXJC4XM3', '', '0.00000000', 1516643642, 1516655199, 0, 0, ''),
(427, '14JbLeuj7wK1oNd2syn3ZccyfY1D4YzfGh', '', '0.00000000', 1516647341, 1516647341, 0, 0, '0'),
(428, '3APqxwxPGZBxihq8ab8sBtSBr4mfwDLehu', '', '0.00000000', 1516650919, 1516650919, 0, 0, ''),
(429, '3FvjdLco74R4dGxTjmHM9ZDLzfAQywbB2n', '', '0.00000000', 1516666088, 1516705409, 0, 0, ''),
(430, '1Jq5eDE4swSN8ZhBqTBZz7a3JiQsyfc8yE', '', '0.00000000', 1516668448, 1516668448, 0, 0, ''),
(431, '14mv7hhZTiRu15uEBKoK1CYBiXAo3KUV9b', '', '0.00000000', 1516668999, 1516668999, 0, 0, ''),
(432, '19MGBCZ6vGoPCuFes8dzKwkXxKjuHTPkuN', '', '0.00000000', 1516676511, 1516676511, 0, 0, ''),
(433, '1E7XSSFY68YCqMXPsfY4B9YJyH83qiAvnk', '', '0.00000000', 1516685242, 1516685242, 0, 0, '0'),
(434, '1PMDt4iUqZdZ1TaqxygDVjT7oSvkQLybA3', '', '0.00000000', 1516685477, 1516705369, 0, 0, ''),
(435, '18NXXY6xSbrpJ3t7uAZfTX3Kg3yyzRP16D', '', '0.00000000', 1516698068, 1516698068, 0, 0, ''),
(436, '1Kpr9K4yUAWk3zPGGxpPLZ65ffh14Yzi2S', '', '0.00000000', 1516698491, 1516698491, 0, 0, ''),
(437, '3NCq9hAfzScmBVT4H5NvgwM9Mgmn5C3z12', '', '0.00000000', 1516701357, 1516701357, 0, 0, ''),
(438, '187D47b8QxGf1hcdB2DHHxCEcCEUNjGvEH', '', '0.00000000', 1516708232, 1516708232, 0, 0, '0'),
(439, '1PSFqKabeJ8yxi3vcQfCLMJExsh2nvTqwa', '', '0.00000000', 1516709890, 1517505486, 0, 1517133813, ''),
(440, '38dqQq3D5rxwv3XgTaYPBV2J6sDYCAbArj', '', '0.00000000', 1516711302, 1516711302, 0, 0, ''),
(441, '1By2pCqCZ1WXPXt367xfX75qqtSRznkmmo', '', '0.00000000', 1516714088, 1516714088, 0, 0, ''),
(442, '1Q3TuBpsmk6mEPX5oF2r4DqAJZzWkZ1wHm', '', '0.00000000', 1516714244, 1516897605, 0, 0, '0'),
(443, '17xP7E9wUkKuiphdEkTVGJiC53iBd9M5tp', '', '0.00000000', 1516714777, 1516714777, 0, 0, '0'),
(444, '37GBuYkWPrQ2M38FRwmQ1dYQqhJ7csYCmE', '', '0.00000000', 1516718064, 1516718064, 0, 0, ''),
(445, '35Hv1FpcVgX371fQHgAGabfYkBnTKeBFjq', '', '0.00000000', 1516721065, 1516726292, 0, 0, ''),
(446, '1MZLzat7PjQUeGAPLx1ejf5p2NVm19ZWf9', '', '0.00000000', 1516734261, 1516734261, 0, 0, '0'),
(447, '14xX8EKe595hHEqhx4UbLn29NWQxSUaBnF', '', '0.00000000', 1516735017, 1516735017, 0, 0, ''),
(448, '14CZCiusagMD6Z5mDoBycmCqeWDvUN6yjx', '', '0.00000000', 1516737218, 1516737218, 0, 0, ''),
(449, '3KhyntzrRrhQLrVsebbGMLmr1b4CtcW6Gg', '', '0.00000000', 1516764922, 1516764922, 0, 0, '0'),
(450, '3Jk9k6rNiHqVe2B4s9TSvWccauBx2LtKDj', '', '0.00000000', 1516779185, 1516779185, 0, 0, ''),
(451, '16edmuNSmZ62dELysMqEW3yYCxc1MF57qy', '', '0.00000000', 1516780783, 1516780783, 0, 0, '0'),
(452, '12sExGkbdb3gfMTf6LJjjBV7Xfu5GZ2Pub', '', '0.00000000', 1516784961, 1517135212, 0, 0, '0'),
(453, '12BaJ4RuvQPjdDujNKaFmcBvoyYeCNcNdp', '', '0.00000000', 1516792684, 1516792684, 0, 0, '0'),
(454, '1GYCMts8QJJ5DAo2wMps5HzRF2ygmWhidt', '', '0.00000000', 1516798219, 1516798219, 0, 0, '0'),
(455, '3Mjgz9boCUtCmosLEXJG97rCv9u4w4Nprc', '', '0.00000000', 1516798458, 1517228619, 0, 1517202853, ''),
(456, '14PQFyPfXNQn6gZfjjxLTTBRPzmGvMNP2P', '', '0.00000000', 1516803207, 1517270172, 0, 0, '0'),
(457, '19cg4CZSDhzSVRBnxP7P6YTuJ9i5bd3QGf', '', '0.00000000', 1516804120, 1516804120, 0, 0, ''),
(458, '3NUAdX2gaD2aVK8VKRAdXVMBjKXtZaX6X5', '', '0.00000000', 1516811790, 1516811790, 0, 0, ''),
(459, '1UWxsSjGWhggiZGfYZ8QV5SSahazZiFx6', '', '0.00000000', 1516813079, 1516813079, 0, 0, ''),
(460, '3CsvqA8SwZTAXJWyioxcavbTm8EHHRX67o', '', '0.00000000', 1516813895, 1516813895, 0, 0, '0'),
(461, '1Gzee5tRKkwbh8twahHZnss9jeg9bpSaCF', '', '0.00000000', 1516820915, 1516820915, 0, 0, '0'),
(462, '19gvwBXkGWr3S8N5Qw7SwGZXodomP6iPnq', '', '0.00000000', 1516820950, 1516820950, 0, 0, ''),
(463, '1JtwU14qzWSPa8r1TfWkc92obgbY6scmkG', '', '0.00000000', 1516828714, 1516828714, 0, 0, '0'),
(464, '1GgWN4UccpDnPU4k4V9RurhV1wuy3sLaLZ', '', '0.00000000', 1516843153, 1516843153, 0, 0, ''),
(465, '1LrUMmaKik6i9SiCs93o5QTLrMfQdmZwFg', '', '0.00000000', 1516852789, 1516852789, 0, 0, ''),
(466, '1BDTWd2jcGHQq4T58YSLpFFoKMdwfMhyWD', '', '0.00000000', 1516857107, 1516857107, 0, 0, ''),
(467, '1g15oLnQLuJpfYcwspm4V956FufY5X9PJ', '', '0.00000000', 1516876478, 1517428833, 0, 0, ''),
(468, '3HggbNrXW1TsLGMRjiE9eJ974fEhKuURGB', '', '0.00000000', 1516883336, 1516883336, 0, 0, ''),
(469, '14skUEd19KQtzirBvvvqFrAjxcuzbovTcL', '', '0.00000000', 1516888089, 1517434022, 0, 1517434321, ''),
(470, '1F6Npz1ME9jJtPaYkBL9UN6JuD7KY2ngNc', '', '0.00000000', 1516900102, 1516900102, 0, 0, ''),
(471, '12s6JbAh7eCcfKGHMU6HYRx8HMncPsqmBQ', '', '0.00000000', 1516902108, 1516902108, 0, 1516902973, ''),
(472, '1Fpdmnv6QGXa9s5R8hfaU4Gk3serSAkESS', '', '0.00000000', 1516904826, 1516904826, 0, 0, ''),
(473, '17iBvSeLCNhvL8XyeYZUFV6eyL86cFR6R', '', '0.00000000', 1516917629, 1516917629, 0, 0, ''),
(474, '199pZUuQdiQhQygGwS8ovDcyd7HvqguE6h', '', '0.00000000', 1516919777, 1516919777, 0, 0, ''),
(475, '18WVkZtn9XFwuomehan66QGTkMEv7i7A5u', '', '0.00000000', 1516920025, 1516960265, 0, 0, ''),
(476, '1F9nDPB9oZewmdAyKzMBePCuuLiRQbefLw', '', '0.00000000', 1516925948, 1516925948, 0, 0, '0'),
(477, '1A1E2gkRgrACxPDEDEoGxL1AEbBwfNMfbk', '', '0.00000000', 1516929163, 1516929163, 0, 0, '0'),
(478, '37QxKWQZNvKFxGryQ7UzxKsub5gGLzqAUG', '', '0.00000000', 1516931497, 1516931497, 0, 0, ''),
(479, '17LYVsUHpzNHZJ7rC9AVS9FRGQfiZx3SzT', '', '0.00000000', 1516932783, 1516932783, 0, 0, ''),
(480, '1EGewSGm5mbkhrmmmdxjz3nwSA7JXEnex6', '', '0.00000000', 1516933410, 1516933410, 0, 0, ''),
(481, '1VvMYwFqEtewc8Zp9YNroK3eZnHneHECG', '', '0.00000000', 1516936873, 1516941064, 0, 0, ''),
(482, '1HiTEDxi653r2kZFzoXnRTeGNUFahYcm6L', '', '0.00000000', 1516938224, 1516938224, 0, 0, ''),
(483, '1LPuk1g5KKwuEmwF9Ao5iXnPhFcisGxyYF', '', '0.00000000', 1516950207, 1516950207, 0, 0, ''),
(484, '12GMNW7LARtBL5SqrxxrqdyBMHN4NReVUp', '', '0.00000000', 1516954084, 1516954084, 0, 0, ''),
(485, '1KFU1wDtA4zcUW4ZuGsQfyBcKPxe3S2zKT', '', '0.00000000', 1516971534, 1516971534, 0, 0, '0'),
(486, '1P618gZGibMwtD742A2jwi67MTRUAV9DzF', '', '0.00000000', 1516972826, 1516972826, 0, 0, ''),
(487, '1NMcSoupUZyfEs8qAiGT6qGoBnayYE3wTb', '', '0.00000000', 1516973851, 1516973851, 0, 0, ''),
(488, '17YEdd6ikMGK39uW7N7Ym4bLNdkdysDN5x', '', '0.00000000', 1516977144, 1516977144, 0, 0, ''),
(489, '1CV1zbn5Q8ByLkCKtHLfMDSzi1LKd4BUwg', '', '0.00000000', 1516980491, 1516980491, 0, 0, ''),
(490, '18e2w8ToVvy74cre6MBApvtW3Zb3hEWZot', '', '0.00000000', 1516981295, 1516981295, 0, 0, ''),
(491, '3DM8CJBZAdfGAwvLJxEuUQJ4HykhqFPmyQ', '', '0.00000000', 1516984326, 1516984326, 0, 0, ''),
(492, '1MkSbvsgm45ZzWKRuNrFhCzVDFLsMAqZoU', '', '0.00000000', 1516984663, 1516984663, 0, 0, ''),
(493, 'db20b43b02f348469bc90d078ed71688', '', '0.00000000', 1516992356, 1516992706, 0, 0, ''),
(494, '19fNhURGmD4aS9XLVyhnCA26ZjP3CvGZP4', '', '0.00000000', 1516996107, 1516996107, 0, 0, '0'),
(495, '17dUT7DfcLp88iqfN5K8VQqpe1u8r8FLPB', '', '0.00000000', 1516996486, 1516996486, 0, 0, ''),
(496, '1MrFNH7t9xHU4AXK8EMjyttMGP1GE4BT28', '', '0.00000000', 1517004947, 1517004947, 0, 0, ''),
(497, '1N55CddCa1w4YxEriqivHezwok4PHG3Ynq', '', '0.00000000', 1517006028, 1517006028, 0, 0, ''),
(498, '1GcybGFDe7a7qaXexvDxEZs1vVY749oBQf', '', '0.00000000', 1517010154, 1517010154, 0, 0, '0'),
(499, '3EHQTQjFYDj5Kw8gsk1H5bwkyT6rRkXwwY', '', '0.00000000', 1517013221, 1517013221, 0, 0, ''),
(500, '1KcM2RUWm6qc8x1Ydp4h38F9YX2A5QyjqW', '', '0.00000000', 1517018312, 1517018312, 0, 0, ''),
(501, '1FZQgbg8yqAE6hmJe5UAxPkRZBqYQ7igHZ', '', '0.00000000', 1517018667, 1517018667, 0, 0, ''),
(502, '1DWixN64hGCCJL3BBBobaTdHnLh36JQWh2', '', '0.00000000', 1517027424, 1517027424, 0, 0, '0'),
(503, '36mD5TCxLZJpL93ipthisjVc7Zc34rknSX', '', '0.00000000', 1517031403, 1517031403, 0, 0, ''),
(504, '35egoDcWRJN6YoQvSTust9rRPdqinMfN92', '', '0.00000000', 1517037920, 1517037920, 0, 0, ''),
(505, '17VxggGz5TWEhkvERT92PThpfh58W1rakL', '', '0.00000000', 1517043451, 1517043451, 0, 0, ''),
(506, '12gHQRZsNV3qTuF5xkZPZQHkbzSN5PMXzR', '', '0.00000000', 1517047222, 1517047222, 0, 0, ''),
(507, '1JbH1aKWD8nZ11LVVYGWvjvKn7Y36y3EMi', '', '0.00000000', 1517048686, 1517048686, 0, 0, '0'),
(508, '3Bh2Wgk4wfcAxb2qiqCvaVfwMU29J6aHyf', '', '0.00000000', 1517050852, 1517050852, 0, 0, ''),
(509, '17deS47ue9WkhoozhAJCURBWdmWZD4fBXm', '', '0.00000000', 1517053668, 1517053668, 0, 0, ''),
(510, '3Qd4BvaF8VjNMgjozA9TFKFuskJGPddA3j', '', '0.00000000', 1517058514, 1517058514, 0, 0, ''),
(511, '1HmNunAHeqTnXw8MNrNC3BNryFtntGQaNx', '', '0.00000000', 1517061192, 1517061192, 0, 0, '0'),
(512, '1FBAw7uKmsSYomL7kNCHP3Z3cPXNfiFb8D', '', '0.00000000', 1517061960, 1517061960, 0, 0, '0'),
(513, '16N2zprvpkdpj5ikZRup5MmCmgqBoBoDPz', '', '0.00000000', 1517065825, 1517065825, 0, 0, '0'),
(514, '1Q3Jj6AVfxArCWWkK7qBAbmsaTzsQPoxmF', '', '0.00000000', 1517065915, 1517065915, 0, 0, '0'),
(515, '37EQC6cpBuct4eMes7FtADQLjy2zhcQPDE', '', '0.00000000', 1517075959, 1517075959, 0, 0, '0'),
(516, '3Mo1D5kjQQVH5cBnJRGaugEYpSKsV79cbg', '', '0.00000002', 1517076543, 1517076543, 0, 1517077105, ''),
(517, '14jBAF5F3sYEEaeAVmDBAy35nxekPbQkGT', '', '0.00000000', 1517079419, 1517079419, 0, 0, ''),
(518, '14E7gYPo6jWyL3q9hBizpZ7JGa65V4SMmK', '', '0.00000000', 1517081133, 1517081133, 0, 0, ''),
(519, '1GBEgui19h7ZLDUQpXQa28zpSkgzVVsEhP', '', '0.00000004', 1517081226, 1517081226, 0, 1517082371, ''),
(520, '16WkmtkgXkQvrzJFu87BKTTEYF47M9siKM', '', '0.00000000', 1517088040, 1517313544, 0, 1517313746, '');
INSERT INTO `faucet_user_list` (`id`, `address`, `ip_address`, `balance`, `joined`, `last_activity`, `referred_by`, `last_claim`, `claim_cryptokey`) VALUES
(521, '1MQJqPHPQfX62xvE5451SLMZpbkvFgJaqT', '', '0.00000000', 1517088645, 1517088645, 0, 0, ''),
(522, '14SAWir7TUhoBVZEW8sGaEKZsP6pHv8f1n', '', '0.00000000', 1517089420, 1517126820, 0, 1517127105, ''),
(523, '12Wwme9qaTqxdE12xcbSDSedhRK5Uhf5UC', '', '0.00000000', 1517095781, 1517095781, 0, 0, '0'),
(524, '1CdRXAWvPvnjqpQv6FhhoxLj4pvygUhBwj', '', '0.00000000', 1517103885, 1517103885, 0, 0, '0'),
(525, '1LaBH5tZ5N5NFcPcLYAAZnGXjeosohXPhP', '', '0.00000185', 1517125090, 1517152123, 0, 1517152150, ''),
(526, '36piyQk5vJeyjjHewNE1X7Pj7V3s8Dc7dZ', '', '0.00000000', 1517125917, 1517201483, 0, 0, ''),
(527, '1LsrreH6Y5U6N4WDSThq7ocMa4mPFMdKSW', '', '0.00000000', 1517127630, 1517127630, 0, 0, ''),
(528, '1CSZYpHJvvpGz6fqUbo8teBf6aRd1SJ4cq', '', '0.00000000', 1517131552, 1517131552, 0, 0, '0'),
(529, '16FDCeh4LSkXz9VquwCahFdkzeiC1FStb6', '', '0.00000000', 1517131584, 1517131584, 0, 0, ''),
(530, '355F9Ghqhw2ZJhbFH1jHDBJdeJ11mQg9pM', '', '0.00000000', 1517134912, 1517134912, 0, 0, ''),
(531, '1AMNUrHY8E4Ffa1fn8viq5C8gxn5CwsdKw', '', '0.00000000', 1517136657, 1517136657, 0, 0, ''),
(532, '3MXKED8xsKwrLdkpPJi6BCULHRg9DirHsT', '', '0.00000000', 1517138219, 1517138219, 0, 0, ''),
(533, '1CM1AVU3RPx5SDbF4Qbj61GxUL1qxcXDyE', '', '0.00000000', 1517141306, 1517141306, 0, 0, ''),
(534, '1JQLQFQjBncnZE7uasBBTityh3GKFXaBf2', '', '0.00000000', 1517141367, 1517141367, 0, 0, ''),
(535, '32EqHNDnnXSLAuUnGbXhvexE3ZjkWdv8Dn', '', '0.00000000', 1517143138, 1517143138, 0, 1517143769, ''),
(536, '1EL2jEsJ561NKUTG8zg7Tv8aC8MU2heD8B', '', '0.00000000', 1517143888, 1517143888, 0, 0, ''),
(537, '3EMuCPr96zqv73LbRL4rDaFd1mhMVzgTPy', '', '0.00000000', 1517146417, 1517146417, 0, 1517147098, ''),
(538, '1N3C9oc9YtbytJCBVSj24is5s6GPwXpoD4', '', '0.00000000', 1517148781, 1517220186, 0, 0, ''),
(539, '1AAceJMDdqqr6ZbXM91wQsRtYqCvj7YCKV', '', '0.00000000', 1517149760, 1517149760, 0, 0, ''),
(540, '37pnv8h4FMwSdyAG8jWkmviazgycwNemd5', '', '0.00000000', 1517153085, 1517153085, 0, 0, '0'),
(541, '3AcrmCpJAPzXXwzoVEBQ2GQJDVv3r2JuN6', '', '0.00000000', 1517167861, 1517167861, 0, 0, ''),
(542, '1Cxhb62brWTm5eQUK26YUTZ8pWDJYhWnwd', '', '0.00000000', 1517170420, 1517170420, 0, 0, ''),
(543, '19Wq8P7xgDdBuRgoqDXe3soJnoHH9NqhqM', '', '0.00000000', 1517173063, 1517173063, 0, 0, ''),
(544, '12daTeedV6qKsWVci7Tqv8QLdqDu9c1s1N', '', '0.00000000', 1517174477, 1517174477, 0, 0, ''),
(545, '1AXWBnNd4uQFbnHrQQYG1bcxj1dPVgDGEJ', '', '0.00000000', 1517182805, 1517182805, 0, 0, ''),
(546, '14z4YMSnApNrxzX2LZu941ARwA1ThKZSVf', '', '0.00000000', 1517187999, 1517451301, 0, 0, ''),
(547, '19SFiTRe93PyCoksckfGgGZn3XsNoaHV3e', '', '0.00000000', 1517193200, 1517193200, 0, 0, '0'),
(548, '1H49ZuLc98p7wjmVwQCTG4PDJstcEha22u', '', '0.00000000', 1517194486, 1517194486, 0, 0, ''),
(549, '192NgSwE4EqpQyKbyZqCVeLdZH8HNa17DK', '', '0.00000000', 1517200137, 1517200137, 0, 0, '0'),
(550, '1FofWr2z8NNC1y4APs95hbQN1pkHLAfE6F', '', '0.00000000', 1517202479, 1517202479, 0, 0, ''),
(551, '1ApiKhfPhV25mHkFrbz3NBWxEcjzyzbc1z', '', '0.00000000', 1517202688, 1517202688, 0, 0, '0'),
(552, 'httpsbtcmanagercomfreebitcoins', '', '0.00000000', 1517211616, 1517211616, 0, 0, '0'),
(553, '12BLZTdifD9q1HaMYzFt8FB6VhaHNMKMyR', '', '0.00000000', 1517214517, 1517214517, 0, 0, '0'),
(554, '37HApAQDJUtomX4oS7pWAnMpypM9KX3ebn', '', '0.00000000', 1517219327, 1517219327, 0, 0, ''),
(555, '18dzek75sWwCkCUj7n7eBd8Sbt4DmdX4KT', '', '0.00000000', 1517221472, 1517221472, 0, 0, ''),
(556, '1MDqGV1rseZApaEdapB9G6gqxGE91wHjNY', '', '0.00000000', 1517223714, 1517233231, 0, 1517233266, ''),
(557, '3DS3rampzfM431JiQoNyuYVVcqdJBzzDdu', '', '0.00000000', 1517239458, 1517308312, 0, 1517308498, ''),
(558, '13rUkZsMdCfnhM4JhhzZYLPAZEYn8423DV', '', '0.00000000', 1517248287, 1517248287, 0, 0, ''),
(559, '1MBFXHqzWhkzxPyF8eQUWKtvDW6swtFdio', '', '0.00000000', 1517249498, 1517249498, 0, 0, ''),
(560, '1MjWYi8qWNDsaAiCZMBUzmFKRbQh5H1Nxp', '', '0.00000000', 1517253788, 1517253788, 0, 0, ''),
(561, '16qn9HJwVpE4b78JVP5cZWF8kHv1wgdm2A', '', '0.00000003', 1517256424, 1517256424, 0, 1517258210, ''),
(562, '34dsnPcmS9QkKyirNhgcpCXXA3Hi1vzGwF', '', '0.00000000', 1517257259, 1517257259, 0, 0, ''),
(563, '1NPxZDSKiJsRYqxyfRoD5eE7ed9rjfXoFm', '', '0.00000000', 1517258157, 1517258157, 0, 0, ''),
(564, '19KMDnjU9k24PJfBdgWo9mfjYyCqC3JXCx', '', '0.00000000', 1517258360, 1517258360, 0, 0, ''),
(565, '3LwJE3W3uKVxD6gLoepn57fkT1jw6Tptmp', '', '0.00000000', 1517259752, 1517259752, 0, 0, '0'),
(566, '1FXc9EFtAPV62Sv5skk8ziTwMVL4ZcvKtk', '', '0.00000000', 1517262258, 1517262258, 0, 0, ''),
(567, '17xWWEUKR3h6gB9b64UdFMMBJxkfHqyzyA', '', '0.00000000', 1517262373, 1517262373, 0, 0, ''),
(568, '1LnZHSxusADpAZhVnQJdDKvSouoZHjjuwb', '', '0.00000000', 1517267723, 1517333364, 0, 0, ''),
(569, '1DVncAtL9GKKMEFwZXz7113dX8RfbHei1B', '', '0.00000000', 1517287179, 1517287179, 0, 0, ''),
(570, '36vTzX4KQmun95PyX6jWBzbz1gaaqWcJGS', '', '0.00000000', 1517287272, 1517287272, 0, 0, '0'),
(571, '1GnLzGVCeAt39TM7MNWQntzSDhvDQDXfKe', '', '0.00000000', 1517290014, 1517290014, 0, 0, ''),
(572, '3JceNJrdYdjdLkXTsN3SPhZecVDzkMKh5n', '', '0.00000000', 1517296198, 1517296198, 0, 0, ''),
(573, '1MNogHKRaAfVacLfkGLb2DATJuyuhoPeAA', '', '0.00000000', 1517303417, 1517303417, 0, 0, '0'),
(574, '38fA2CtnvRFD4WXkmxvpgkQSvFDt3nadGt', '', '0.00000000', 1517308573, 1517414417, 0, 0, ''),
(575, '188T4rM8UJmHpL4KZ9UnA5SWsnuNmGx1Q3', '', '0.00000000', 1517308828, 1517308828, 0, 0, ''),
(576, '1DfGuMbR2rDgDSJSYbgpMy6aFWTQr9wx4b', '', '0.00000000', 1517316093, 1517316093, 0, 0, ''),
(577, '1LzZLjTkssPHzY48E1Bm8inzCFiBksBKQ', '', '0.00000000', 1517320516, 1517320516, 0, 0, '0'),
(578, '1GyCckVCnyse6La5Xn6guQfy4yPgWGfy3q', '', '0.00000000', 1517345294, 1517345294, 0, 0, ''),
(579, 'DMeyyJC4AkzeykfutfJfWdZWTCExYRHLSh', '', '0.00000000', 1517386920, 1517386920, 0, 0, ''),
(580, '15vDvSTGXfAZrzs9W9p2JFCrWsdzD4UxEA', '', '0.00000000', 1517391859, 1517391859, 0, 0, '0'),
(581, '349VhazDUQ2WvHPYZtLWfRVLgzb247RH98', '', '0.00000000', 1517400277, 1517400277, 0, 0, '0'),
(582, '14m8McNGe3UGrqH97BJcJrCLcB8QC8vJJH', '', '0.00000000', 1517402375, 1518266388, 0, 0, ''),
(583, '3NXnvbKtWGzB35YdtGLby5WK8rJj6U929V', '', '0.00000000', 1517408593, 1517408593, 0, 0, ''),
(584, '12mnzrbD7PKJMVccuyyJe4cvAftexQMBqD', '', '0.00000000', 1517412973, 1517412973, 0, 0, ''),
(585, '3Gsx2AfyUTXSeCZYpeF8icLmmFAHzmMoas', '', '0.00000000', 1517430713, 1517430713, 0, 0, ''),
(586, '1N8YU1mUdEMAPFqz7tYbZx745jE2ZGzGoN', '', '0.00000000', 1517446373, 1517446373, 0, 0, '0'),
(587, '1M2WKsVReovnz4jcskjtKKhUsGR3c27J5H', '', '0.00000000', 1517474616, 1517474616, 0, 0, ''),
(588, '1Q2C4kbzyengfFTcqzdAh3jQoCEud7SNyL', '', '0.00000000', 1517475504, 1519054843, 0, 1517476531, ''),
(589, '12C1Tbqtzk7KwbtJFgrpatDYAEpZbJ2rYQ', '', '0.00000000', 1517476033, 1517476033, 0, 0, ''),
(590, '33VPKKWQ6wqGJXgmjtM46ijqLBvNX3bJR1', '', '0.00000000', 1517478141, 1517478141, 0, 0, ''),
(591, '174X8c2VfbW4NZV8vwZQtomDbz1hCA7gJN', '', '0.00000000', 1517482781, 1517482781, 0, 0, '0'),
(592, '1PSJMS1f6JQjHHpgjhKt7Zaf2MtphzMLaA', '', '0.00000000', 1517486868, 1517978526, 0, 0, ''),
(593, '1PGx1ZMEbGdM3tRA8EAdwKEsZSsTXgSsET', '', '0.00000016', 1517497257, 1517499573, 0, 1517499890, ''),
(594, '1KtwLbPvWqfeRp4zAPVuAVZruNUesHFP95', '', '0.00000000', 1517507866, 1517507866, 0, 0, ''),
(595, '1BMbrLcyoykAx9HFSbjyvrXNt3QrYww1C7', '', '0.00000000', 1517509609, 1517540760, 0, 1517541555, ''),
(596, '1FYt4JyFPeRKVEHRcavpgoiQfpnZPBKvTi', '', '0.00000000', 1517511821, 1517511821, 0, 0, ''),
(597, '1LafYoZorpGy8PwfieBN9y2JVk6BH7TA3a', '', '0.00000000', 1517513747, 1517513747, 0, 0, ''),
(598, '1BSLpLTjTZKmXwSuJW25nGXARvbmLq43Wq', '', '0.00000000', 1517556378, 1517556378, 0, 0, ''),
(599, '18oX5BTqq5A7XgrGQohDsEFM9hvGoqCL9P', '', '0.00000000', 1517562380, 1517578589, 0, 0, '0'),
(600, '173Ka33hhDNrqBjBihCHeYQTt75XooABem', '', '0.00000000', 1517575179, 1517575179, 0, 0, ''),
(601, '19T9tNXABR2x7dpehTJfhWevwAuK12qHnF', '', '0.00000000', 1517575995, 1517575995, 0, 0, '0'),
(602, '12KMTm1QJCJmvbQwBpfbGPr2K1748RjmD9', '', '0.00000000', 1517580176, 1517580176, 0, 0, '0'),
(603, '15ewWgK3UQ7BGfiDGHjkmA2KvaKx4EM7Jy', '', '0.00000000', 1517580333, 1517580333, 0, 0, '0'),
(604, '1CSeJXR593yK9uyNRWpfn3ob9MG9T1Pxrh', '', '0.00000000', 1517581159, 1517581159, 0, 0, ''),
(605, '12YStXu1PMWwXgoBJ59a5sKTuRUnB7UJEB', '', '0.00000000', 1517584298, 1517584298, 0, 0, '0'),
(606, '1DJPih1hwhikDyXEHYgCnQ91tY8DRRrXu8', '', '0.00000000', 1517591684, 1517591684, 0, 0, ''),
(607, '1CadjdWb9Qq2RZNRgGgTiENr5LwuSFj379', '', '0.00000000', 1517592165, 1518728253, 0, 0, ''),
(608, '1HcTZ4RRNvHrC6TcPgJWSPDcHgWsuj75W2', '', '0.00000000', 1517602437, 1517602437, 0, 0, ''),
(609, '19Cq3eD3jTUFiRNd8kNkip33HuXRB2YpwX', '', '0.00000000', 1517604344, 1517604344, 0, 0, ''),
(610, '13pmGoYyRX8ZH2WKtHNNUpN4xrpYxFSKuE', '', '0.00000000', 1517611679, 1517611679, 0, 0, '0'),
(611, '15CC89DQmjvZLKLXmsbWAuveP2FkyCRtzp', '', '0.00000000', 1517613647, 1517613647, 0, 0, '0'),
(612, '1ARkGdJsJP6JdwyQeAHUeC4sB7xbkkL6pS', '', '0.00000000', 1517620450, 1517620450, 0, 0, ''),
(613, '1G2bEFraCV1L1XhsWPUvfwNUj1mxwKQmKs', '', '0.00000000', 1517624319, 1517624319, 0, 0, '0'),
(614, '3EKhXHgQJceqdQ6JaKDRSX9Wi42xP4qndr', '', '0.00000000', 1517625577, 1517625577, 0, 0, ''),
(615, '1KFdVnbthxeeZXjvNT79nyst7DfPQmuQTx', '', '0.00000000', 1517638033, 1517638033, 0, 0, '0'),
(616, '19evdxbNnYk7FbhhGyCoTT1KtPPyikSAdz', '', '0.00000000', 1517638373, 1517638373, 0, 0, ''),
(617, '12sWjtGjMpxTSijyN9yKJq55HU52AHBrYS', '', '0.00000000', 1517638473, 1517638473, 0, 0, ''),
(618, '1AAQpvukPn1hEaa7yS51zQcAEHUud8nEgJ', '', '0.00000000', 1517641084, 1517641084, 0, 0, ''),
(619, '17xNSF72xQV4y4jtrraB1Dk3ASuJVpM63F', '', '0.00000000', 1517646934, 1517646934, 0, 0, ''),
(620, '3DCpCLMKUSwzQAX3XyzfjPQ2BTrGqSSvRP', '', '0.00000000', 1517658243, 1517658243, 0, 0, ''),
(621, '1CQvV3hz35CBFhdVjGjBwaPw4xF2X9R24D', '', '0.00000000', 1517664864, 1517664864, 0, 0, '0'),
(622, '1NzinquXXn4bGsaHf7wX7tVREtzAVQcuXH', '', '0.00000000', 1517671503, 1517671503, 0, 0, ''),
(623, '18Z5huZL7mazdWJVRd8fvw3aJupRSD4Hyy', '', '0.00000000', 1517674960, 1517674960, 0, 0, ''),
(624, '13XPuh8UXpZ5bnb6MYTTLY7pv59a8sN7HB', '', '0.00000000', 1517675597, 1517675597, 0, 0, ''),
(625, '1LdvmtGQWWtTJS8utcNJMzdPf4jtbDXW8K', '', '0.00000000', 1517681238, 1517681238, 0, 0, ''),
(626, '15f7w2n1gumXwqiE6E6CCmzmk1QaDCCggs', '', '0.00000000', 1517683735, 1517683735, 0, 0, ''),
(627, '1Ge8QWqNggtYRhUXNeQ4QF6bm3vnYkchux', '', '0.00000000', 1517688706, 1517688706, 0, 0, ''),
(628, '147BZsHo8y97kcVDTL9CobcL32BrkmpjW6', '', '0.00000000', 1517692454, 1517692454, 0, 0, ''),
(629, '1C2e2cUaN1uaxfNTD6VWtqRKax5JBtZpZa', '', '0.00000000', 1517693818, 1517693818, 0, 0, ''),
(630, '3MJT9pXKPcEZXKCqdmSME6hg4JWp4stLvG', '', '0.00000000', 1517694908, 1517694908, 0, 0, ''),
(631, '16xwpLVq9ovBDxfFbGGE2PgnEQCZ9h37C6', '', '0.00000000', 1517695145, 1517695145, 0, 0, ''),
(632, '18ka7fjqscGg7sk59JoeHcWFFaAJkKazkq', '', '0.00000000', 1517698796, 1518571440, 0, 0, ''),
(633, '1KTnirn5pVkPCmmJPAyTgoiPc6gNvCnt8R', '', '0.00000000', 1517723564, 1517723564, 0, 0, '0'),
(634, '1HuwoEr3TSx6rUjmXNpqBhB7qXxx1hcrYm', '', '0.00000001', 1517730857, 1518606377, 0, 1518196783, ''),
(635, '1CDcHgkzEfGbozKqe6ieWFqWHG6HrU1yAB', '', '0.00000000', 1517731378, 1517731378, 0, 0, ''),
(636, '3M8v5JCTGQj9CjbTd1XBSNVawLxbnbKYui', '', '0.00000000', 1517733731, 1517733731, 0, 0, ''),
(637, '1CU9GLzt6PxLz9ehkzjfyBjvZyKGSoNuTL', '', '0.00000000', 1517743679, 1518360428, 0, 1517743862, ''),
(638, '14KWiLgu7ckZXaSRLEHPzzDJujyqoWCp3M', '', '0.00000000', 1517744523, 1517744523, 0, 0, ''),
(639, '1NWbm2Y7AZFkcbZFQyZBAhsMQTGKb6T9oN', '', '0.00000000', 1517747020, 1517749105, 0, 0, ''),
(640, '1CwCerwvZCWULu4FRFEHhRLZ7EPgXxZTbj', '', '0.00000000', 1517747658, 1517747658, 0, 0, ''),
(641, '1CntKKYTYrHEYawWDbGd9cSrZcsbToU8kU', '', '0.00000000', 1517758005, 1517758005, 0, 0, ''),
(642, '3BeeTaU3Y9oqZQmUY9a6qBw5vEHRFoVEoC', '', '0.00000000', 1517760700, 1517760700, 0, 0, ''),
(643, 'DKb16BSuecmBKW4piXaXbfAsZoQ6SKebKW', '', '0.00000000', 1517764012, 1517764012, 0, 0, '0'),
(644, '1PGh2UywiNAuFBHQWf8uWqJi4AJN61VU42', '', '0.00000000', 1517772288, 1517772288, 0, 0, ''),
(645, '1AyAsD2kZbZvsffmefaBGf1Ask6NGihB7B', '', '0.00000000', 1517776560, 1517776560, 0, 0, ''),
(646, '801fbb17908c4d80979c99214b50f9d9', '', '0.00000000', 1517783457, 1517783457, 0, 0, '0'),
(647, '1GWfh8Bj6xJHBK9S1Se8rj4vCcFhnmEiZY', '', '0.00000000', 1517805178, 1517805178, 0, 0, ''),
(648, '1Neok8A8w5Udu57gCJdKuXZVR7ofRA6BAg', '', '0.00000000', 1517814166, 1517814166, 0, 0, ''),
(649, '1GznhyvXZBJ73efyFF7RhT9gQ8epfJWfM5', '', '0.00000000', 1517815655, 1517815655, 0, 0, '0'),
(650, '1E78DwzeCEFjJF5txVa6UVNVzAwZuoYkt3', '', '0.00000000', 1517816494, 1519034446, 0, 1518998735, ''),
(651, '1FJCf4Yi1iSLg2yXvgSxNAuxALiYL8c3md', '', '0.00000000', 1517825807, 1517825807, 0, 0, ''),
(652, '1EHxArg9E197E6svnhnWsSqkSxYQFzVoh', '', '0.00000000', 1517831569, 1517831569, 0, 0, ''),
(653, '1HDN1qCaUEe1wiw7QEt73vysL59BratEV6', '', '0.00000000', 1517833068, 1517833068, 0, 0, ''),
(654, '17AZHzeKWWMKV8NvWUW2xszVLtP9AbY1yK', '', '0.00000003', 1517843186, 1517854047, 0, 1517854746, ''),
(655, '1KPeBTeR4s25nKP5D71MRrCtu3WB1JV3M6', '', '0.00000000', 1517844430, 1517844430, 0, 0, ''),
(656, '345yYBaLQ51wCHRJoiAwGNENsecAeSFCGF', '', '0.00000000', 1517851581, 1517851581, 0, 0, ''),
(657, '1AYFdYyFyY9L9GHNmocguyd6EGd9nr8dYc', '', '0.00000000', 1517853289, 1517853289, 0, 0, ''),
(658, '17Q7qx5t6XTjJUGxfq63oGaVEEXj8feQWH', '', '0.00000000', 1517858191, 1517858191, 0, 0, ''),
(659, '1CWFHF1o6gYF5X2FqEXxzpTuQnAGVdRLfu', '', '0.00000000', 1517862245, 1517862245, 0, 0, '0'),
(660, '1Gggr4G7YbZdJrK4gRKiNXMpwveuXJtcrN', '', '0.00000000', 1517872114, 1517872114, 0, 0, ''),
(661, '16v5Zh959N3kHjqMnr42LRcFAiamMdSusU', '', '0.00000000', 1517873053, 1517873053, 0, 0, '0'),
(662, '1976JomquXT6j3bnnd3tWV15NoEgj9woY1', '', '0.00000000', 1517874574, 1517877895, 0, 0, '0'),
(663, '121K94JhkxAzrYDMAeJxPtgf2w8UWVgbQa', '', '0.00000000', 1517879478, 1517879478, 0, 0, '0'),
(664, '32H2hUw5Fkr6N5H4KftB8PPyjDn3cNHABW', '', '0.00000000', 1517889222, 1517889222, 0, 0, '0'),
(665, '14MyM8VJFtsjpSScR574oSgbYhvUkk7moS', '', '0.00000000', 1517890012, 1517890012, 0, 0, ''),
(666, '1CE3xgKBpN8Ri557HZWA1HzehDaz5BWQGn', '', '0.00000000', 1517890174, 1517890174, 0, 0, ''),
(667, '1Q9GJ3fH57T74TNQRedyb4Aa3cRUV5wCf4', '', '0.00000000', 1517908440, 1517908440, 0, 0, ''),
(668, '176xdUxRc3tcLQ9xe3oJNSBR35Zb7C4e9q', '', '0.00000000', 1517912279, 1517912279, 0, 0, ''),
(669, '13obaQumxmkVhbdhWiLVQrVPsFzSc44Cp9', '', '0.00000000', 1517919195, 1517928125, 0, 0, '0'),
(670, '15adyFkxt31BniThV7Xc5ZFzZ3txiEuDJb', '', '0.00000000', 1517919577, 1517919577, 0, 0, ''),
(671, '19QhPcGqFiS2qLyMmbG64pM3URxcvvcpJ4', '', '0.00000000', 1517926760, 1517926760, 0, 0, ''),
(672, '183upCFWzqiJMnTQP8qL2LjUdFJrRWhTuW', '', '0.00000000', 1517929701, 1517929701, 0, 0, '0'),
(673, '1P3NGFzz36Zms9nDznN1u8aHp5JHUgoC4h', '', '0.00000000', 1517931984, 1518019611, 0, 0, ''),
(674, '15yFcZscFaUsovGSZfxv6G7zoKDwck9Le5', '', '0.00000003', 1517933577, 1517980401, 0, 1517982144, ''),
(675, '1FoKRxrjMQbJQL8uE5JtUqTPkg5U9mXTDH', '', '0.00000000', 1517939148, 1517939148, 0, 0, '0'),
(676, '1ERpVs4riLfoWqnTaP1D27uUGyAG3whgcc', '', '0.00000000', 1517940898, 1517940898, 0, 0, ''),
(677, '1NF1tzpEg1MHQYMAQTnFvAFMYE89xLVzAY', '', '0.00000000', 1517947761, 1517947761, 0, 0, ''),
(678, '163R3tuD41woDhmFW1LgwA9tqa8BtLSk2N', '', '0.00000000', 1517958036, 1517958036, 0, 0, ''),
(679, '1JrJ9P1PqCp2HwD1TDTk8SGRSe1c4BQDJM', '', '0.00000000', 1517961951, 1517961951, 0, 0, ''),
(680, '196249bCNRBoCHeGg8szA4qRzPTEmmvCD8', '', '0.00000000', 1517966196, 1517966196, 0, 0, '0'),
(681, '1C8ED1GrZ7RZC6qBfPkhh3f8hKs3vmBCoo', '', '0.00000000', 1517977433, 1517977433, 0, 0, '0'),
(682, '15ANa2jGkWr5zz3KnQq712w5mhAzujBFgt', '', '0.00000000', 1517983820, 1517983820, 0, 0, ''),
(683, '1ENGN9mZkBT1CoQ6LcKDTMQZmz1yFrfbFB', '', '0.00000001', 1517993177, 1518000449, 0, 1517995736, ''),
(684, '1FKqw6js3vX3qy5S8VgAgetdHkYJYmaRWb', '', '0.00000000', 1518014642, 1518014642, 0, 0, ''),
(685, '1EMMDJxSB88gg6KodrcaeBiySEGdBDCYcu', '', '0.00000000', 1518024730, 1518024730, 0, 0, '0'),
(686, '12w91XL72oW1Wi9HsjJzLDRpR9hHqqK8Qy', '', '0.00000000', 1518025565, 1518025565, 0, 0, ''),
(687, '3GJakP1h9FTPavZPCkbKnfoJmAzyCuxPjW', '', '0.00000000', 1518026182, 1518026182, 0, 0, ''),
(688, '19HNQNRHVCv1HPxcG5A9rMh9z4Q8bPWe2H', '', '0.00000000', 1518030646, 1518030646, 0, 0, ''),
(689, '1Bj1PNPAPF2BZr5bpLGTeXqxMCLHd6DxYM', '', '0.00000000', 1518045356, 1518045356, 0, 0, ''),
(690, '1CpurrBVY11t3kB3R9pNDZfwYmJTaLknaE', '', '0.00000000', 1518059422, 1518059422, 0, 0, ''),
(691, '3BiBCHLvFAxXZPFQHp8akv5mGL6jT9L2cx', '', '0.00000004', 1518093824, 1518093824, 0, 1518095213, ''),
(692, '1P48GMTgoi5chuU2ZkA1jXdTvBJxA3ohkn', '', '0.00000000', 1518094205, 1518094205, 0, 0, ''),
(693, '3HvHLc1Co1EmdRgHBbRnrEnqiKMnYSdhku', '', '0.00000000', 1518098648, 1518098648, 0, 0, '0'),
(694, '1Ect8699KUavKLHzfvdxY51mRSDdU14P6t', '', '0.00000000', 1518101143, 1518101143, 0, 0, '0'),
(695, '1QC26rhLEzKJBNRFxURHfAbuiannU39kQs', '', '0.00000000', 1518102501, 1518102501, 0, 0, ''),
(696, '1A39w34z8oyV5EH4kAbwoGv5Ji5sS18hkh', '', '0.00000000', 1518107185, 1518107185, 0, 0, ''),
(697, '1HTrFuZWy2obRRi8cRFsjgZCbMfYtQriu6', '', '0.00000000', 1518119771, 1518119771, 0, 0, ''),
(698, '1ACsnkwVmLd5ypVDRxVTh3TMpVwez2rse7', '', '0.00000000', 1518125965, 1518125965, 0, 0, ''),
(699, '13t7o8i1pzjLZSi57NE25ckSRt9u9mCuat', '', '0.00000000', 1518128929, 1518794799, 0, 0, ''),
(700, '13VinArnBNr7zcnvCLCmQcdBscEbc3YcV3', '', '0.00000000', 1518142133, 1518142133, 0, 0, ''),
(701, '32KFyLx1zx1sDq94XXjrX6WoPcCfhPgfYb', '', '0.00000000', 1518163813, 1518163813, 0, 0, ''),
(702, '1LUZeNpcKW7sDyTSiLn9QwJi4jDvtBJmke', '', '0.00000000', 1518178051, 1518178051, 0, 0, '0'),
(703, '3CbdVVNHoDHXS9WXfmKLDvMKpKJD4Xaa94', '', '0.00000000', 1518190407, 1518190407, 0, 0, '0'),
(704, '1AvqR8gMaeqkCJnVsPWU8tcwqTYREUFRmM', '', '0.00000000', 1518201475, 1518201475, 0, 0, ''),
(705, '1KG3N3QpLVo4YrDSmAP9cVMqVoxJyboFG2', '', '0.00000000', 1518201850, 1518201850, 0, 0, ''),
(706, '11ntjP7EbskW7qJKAAZTkqndTgocbaD5h', '', '0.00000000', 1518202084, 1518202084, 0, 0, '0'),
(707, '1Kaxwnf85QmE3D2xpFpXJrMjCwcQpWHKTW', '', '0.00000000', 1518216226, 1518216226, 0, 0, ''),
(708, '3AF3PTNqyF6UMSb6vzRrdP7Ggy2ZzpBtFG', '', '0.00000000', 1518217876, 1518217876, 0, 0, ''),
(709, '1DiQmpxL5a1B311MtvsthmFZ6Tw7Nmat31', '', '0.00000000', 1518227898, 1518227898, 0, 0, ''),
(710, '1BFxcUvzGpRifd9CHGSRQvBYYHZDDFaKfP', '', '0.00000000', 1518230849, 1519087653, 0, 0, ''),
(711, '3D6uqhHDy4MEjDKBezLb5M2vbLnDwymKGb', '', '0.00000000', 1518282355, 1518282355, 0, 0, ''),
(712, '19T2S4xBkSArzk1aQPewBEmabit7ojMWUM', '', '0.00000000', 1518297774, 1518297774, 0, 0, ''),
(713, '1C7V3KMoGuDupXepFh3JzgAzcGC9bQxbYt', '', '0.00000000', 1518298122, 1518298122, 0, 0, ''),
(714, '1CKapLD5FCy6wz8GEB1vrA6MsTmejd9vPh', '', '0.00000000', 1518303000, 1518303000, 0, 0, ''),
(715, '1E3wdCg4ZsWpKSt51c5wwGyeahDffyibQY', '', '0.00000000', 1518306748, 1518306748, 0, 0, ''),
(716, '1DKzhXJpDQDzf9hnhkG6KiEPMSEFze9T59', '', '0.00000000', 1518350726, 1518350726, 0, 0, ''),
(717, '34GWYT8K4BfDBxtvjT1je9B8eb4uYiJfmM', '', '0.00000000', 1518358152, 1518358152, 0, 0, ''),
(718, '31wg6bLhKpmcyre9UMgym5jHAqvYLGtn9y', '', '0.00000000', 1518360219, 1518360219, 0, 0, ''),
(719, '1rjXK4wY47CVgzENMpSGzWHH2GCEsg75z', '', '0.00000000', 1518378707, 1518463379, 0, 0, ''),
(720, '1Js15RC8UbQ8uqCJ8BfAVGSQVUBoBYyL3C', '', '0.00000000', 1518378868, 1518378868, 0, 0, '0'),
(721, '3AR52uzyy7LuxsePYKmtGKEV6MsXVs2sWq', '', '0.00000000', 1518379185, 1518379185, 0, 0, '0'),
(722, '1B9KYE4qPFC4VapV4TVGaSnuytqUKSuY7S', '', '0.00000000', 1518380380, 1518380380, 0, 0, ''),
(723, '1Gx6fQHuqKhBhDBGmNbZvyr9x2R42WewbE', '', '0.00000000', 1518385794, 1518385794, 0, 0, '0'),
(724, '1LD2nfw4KAtdF4dup73ynhn4X5gPNvsV3n', '', '0.00000000', 1518394914, 1518394914, 0, 0, ''),
(725, '19EXZ2yPudLBpBnEKAYiEdZLUTaZ5FMEsM', '', '0.00000000', 1518427344, 1518427344, 0, 0, ''),
(726, '15agd4Pbt8U9rRpE2GPbYX8Ph3vMBAA', '', '0.00000000', 1518441331, 1518441331, 0, 0, '0'),
(727, '37J9fBS5VchAhbCnxGcQ199jBZhVRNykjf', '', '0.00000000', 1518444558, 1518444558, 0, 0, ''),
(728, '1Gz6Yi94ctqW74WbpocQqUFahHQHeeoeHZ', '', '0.00000000', 1518450760, 1518450860, 0, 0, ''),
(729, '17KU32LWQRSh8R2R2kvYko5ESwendbzsN5', '', '0.00000000', 1518451435, 1518451435, 0, 0, ''),
(730, '3Br8njrUkHLqneioNqDy4BStLm1tgiK6az', '', '0.00000000', 1518453283, 1518453283, 0, 0, ''),
(731, '1C7Pd4Z4A1ucsVq65PuGdHLpff6CH2e9cY', '', '0.00000000', 1518455477, 1518455477, 0, 0, ''),
(732, '3KtghnozfYw7yakfidw7w4NCynQAghc2sX', '', '0.00000000', 1518461133, 1518461133, 0, 0, '0'),
(733, '1A8WJ7KcZzg3SVBSDgH3dzjEywGz6s4H95', '', '0.00000000', 1518463063, 1518463063, 0, 0, '0'),
(734, '37fRnwtJetx72gCyv2KXwEijec2n9EJCHH', '', '0.00000000', 1518466221, 1518466221, 0, 0, ''),
(735, '1HRfDSk64GyC9XtXm6GnF88pDQJQCuqxzF', '', '0.00000000', 1518467481, 1518467481, 0, 0, ''),
(736, '17SFSEVxPQeZjf4USUiztSDzhCKrGm9NwG', '', '0.00000000', 1518481583, 1518481583, 0, 0, ''),
(737, '19m4yWi27u7tomW7dYnY8QnAExBeX5v5jB', '', '0.00000000', 1518484195, 1518485547, 0, 0, ''),
(738, '1CUCTZJuV7A4BnNBhGktLLaaWScc4d65vA', '', '0.00000000', 1518493258, 1518493258, 0, 0, ''),
(739, 'DCc4HN2RQmSgM2emyDCsJiYL3Eqsw1isQm', '', '0.00000002', 1518504777, 1518504777, 0, 1518505274, ''),
(740, '16im53RTPnyCbdM8pKfhLW4viVNgeY8sqs', '', '0.00000002', 1518512230, 1518522927, 0, 1518514643, ''),
(741, '1B4UYKuSw9WCP3kB6c9tNgZ8G83ksvzuqD', '', '0.00000000', 1518541047, 1518541047, 0, 0, ''),
(742, '1Bhu9VZeBfNDqeVjZW6G71zo8raUrnBAWo', '', '0.00000000', 1518542515, 1518542515, 0, 0, ''),
(743, '1A5wCHMBjABfErcfQCb7bxiM4GJd1GeZka', '', '0.00000000', 1518543781, 1518543781, 0, 0, ''),
(744, '1CRL3b9R3ew2PftNfByazQweSxMwfja7DN', '', '0.00000000', 1518547478, 1518547478, 0, 0, '0'),
(745, '1NkDURkbveTTgNPDpbhYvP81Hh4pG79jyH', '', '0.00000000', 1518549094, 1518644994, 0, 0, ''),
(746, '18aQLuWZ69oUGrNvpMmauiSe1ycBP5bebB', '', '0.00000000', 1518553408, 1518559941, 0, 0, ''),
(747, '1MgRo6AajLhRqnV9vsDd6phFdVjZoJKhmU', '', '0.00000000', 1518560208, 1518560208, 0, 0, ''),
(748, '1DiBmWfmK4zknWHGwhzZ83aExiK2ek9Qz1', '', '0.00000000', 1518587017, 1518587017, 0, 0, ''),
(749, 'DM94PRz3pFDSJxge59bn6kCaeNXNHydCHZ', '', '0.00000000', 1518595840, 1518595840, 0, 0, ''),
(750, '18UEt5hrLEaqe8VqKsmxq7fWSykQRDQBpX', '', '0.00000000', 1518607640, 1518607640, 0, 0, ''),
(751, '1Pn9qP7TDZs2coU8W8CJBBJRUntrx53GGK', '', '0.00000000', 1518609172, 1519045942, 0, 0, ''),
(752, '1JPgv4xjWf53vJnzNC6yvtW99ztL3B5URY', '', '0.00000000', 1518609800, 1518609800, 0, 0, '0'),
(753, '1EE5EfyraJZpaU12inF5RXVqgs1dDPex2b', '', '0.00000000', 1518618024, 1518618024, 0, 0, ''),
(754, '18RySdUHs8XZLDLQJPA5LnwyrQCKbwFNDc', '', '0.00000000', 1518622744, 1518622744, 0, 0, ''),
(755, '123jraMzAFs2yGJnY3u9fBBmnaLb2Ykwy6', '', '0.00000000', 1518622855, 1518622855, 0, 0, ''),
(756, '1NpPjs2egBwTuh6DYX2kTTf4Hc3eaPbHGz', '', '0.00000000', 1518625898, 1518625898, 0, 0, ''),
(757, '12o37KfW1SMC8t9ZDwTgHp71sgsNqtGpLH', '', '0.00000000', 1518627678, 1518627678, 0, 0, ''),
(758, '17nZL2MqZF7ngupsNPQqWQXcGx1BDgKiYC', '', '0.00000000', 1518644860, 1518815721, 0, 0, '0'),
(759, '1Dbxu7AYUwZEKwvx5rcWY9jn2EFrtmJXS', '', '0.00000000', 1518646829, 1518646829, 0, 0, ''),
(760, '18tzvkkvW8aTRHhupLsySxLiZWNv3TJEG1', '', '0.00000000', 1518647909, 1518945175, 0, 0, ''),
(761, '1L2QCtSp7pQ2LJxEmGhaL3E7twMqXw5CpQ', '', '0.00000000', 1518650766, 1518650766, 0, 0, ''),
(762, '3FXyXNTpY3UDb1DYYpySVrGSwcCjPaDyWj', '', '0.00000000', 1518658979, 1518658979, 0, 0, ''),
(763, '3MEwA1crqnLTWdbnSCVn493Y8KpE73WAMU', '', '0.00000000', 1518666060, 1518666060, 0, 0, ''),
(764, '1NqJwiUxJiywBNXafFrbqrRnJE2JCDSygT', '', '0.00000000', 1518700208, 1518700208, 0, 0, ''),
(765, '1KjBCe1hkeDUZdMCoT2hbbDqXEtTLttLX5', '', '0.00000000', 1518702403, 1518702403, 0, 0, ''),
(766, '1LA2rjMXmsesv4urjqb8jMgq8PdopSZ4h9', '', '0.00000000', 1518711842, 1518711842, 0, 0, ''),
(767, '15VUAmE2uxJjJpaJEjzRDjcwaHgPtPrRxD', '', '0.00000000', 1518717309, 1518717309, 0, 0, ''),
(768, '38ahZYoEZeazyohergVMTxSugrSbbVEREE', '', '0.00000000', 1518724317, 1518724317, 0, 0, ''),
(769, '1H1xYrT184anbFhQNx1d5Wk5JBaSTEixYi', '', '0.00000000', 1518729983, 1518729983, 0, 0, ''),
(770, '18rZQu8UgrhiVoch4jepqUJbUS9DK1UR4p', '', '0.00000000', 1518736359, 1518736359, 0, 0, ''),
(771, '1HD8zTMjf2nNC9mKLvQiJqyNWT44QwZEBD', '', '0.00000000', 1518736447, 1518736447, 0, 0, ''),
(772, '3GRx9MEsbLtkfNmA65L4iWrwrNUFY4p8Hj', '', '0.00000000', 1518746342, 1518746342, 0, 0, ''),
(773, '39Vj4XYJ75mPp3wPjNyX6E4MFvJBGEBfkt', '', '0.00000000', 1518767455, 1518767455, 0, 0, '0'),
(774, '1KWtE1sZd3gQQymDt7xcLJjY43bRZa4gV', '', '0.00000000', 1518775930, 1518775930, 0, 0, ''),
(775, '1NoSfyCufCucsmcpg1NmsP2Eqqou7PWSc', '', '0.00000000', 1518779364, 1518779364, 0, 0, ''),
(776, '14xZwiZrbCsh8Kibk4wXjLjkDfDymTjs2M', '', '0.00000000', 1518779535, 1518779535, 0, 0, ''),
(777, '1MsrgqBMNXUq7C5uCe8Er9oTRk4sjcz5KS', '', '0.00000000', 1518779621, 1518779621, 0, 0, ''),
(778, '1Hn5Q9NwYoBVZ3xaU4yBpuEzCBiuVMaJFc', '', '0.00000000', 1518787217, 1518787217, 0, 0, ''),
(779, '13Rk95ZkZD4iCGZRKf8GSumx3FVFH23gdN', '', '0.00000000', 1518800374, 1518800374, 0, 0, ''),
(780, '16RNrTbqse8soyn5a7gtXD4LQUQGs4sjKY', '', '0.00000000', 1518801393, 1518801393, 0, 0, '0'),
(781, '13MTd9bMoeyAhVzcVNm2LZLx3c7DdPStc8', '', '0.00000000', 1518807557, 1518807557, 0, 0, '0'),
(782, '33Jqu8nTrEZurHnZ1HquHcudx1FpSULE97', '', '0.00000000', 1518821054, 1518821054, 0, 0, ''),
(783, '1Mm9Tkb6MFKotdtiiQX8CDGSXCa96HeYZb', '', '0.00000000', 1518837437, 1518837437, 0, 0, ''),
(784, '1GJ5DRaneKFfoWqS9FMuC3ZZ91xWwDJ9YQ', '', '0.00000000', 1518839523, 1518839523, 0, 0, ''),
(785, '1H2twP2b4G7nyQZBhhgmXm5KvetM6bn5nE', '', '0.00000000', 1518845606, 1518845606, 0, 0, '0'),
(786, '1L1uuoswMrJXWJj8gK9HCt6Na43jRjemRL', '', '0.00000000', 1518856754, 1518856754, 0, 0, '0'),
(787, '1535NQ2UGzUESyze4yvBvWR5CpttpZxxup', '', '0.00000000', 1518861750, 1518861750, 0, 0, ''),
(788, '1Ni36vREPqdcxnJ82HmyfgP9zv4yVmeHby', '', '0.00000000', 1518875953, 1518875953, 0, 0, '0'),
(789, '17B4T119Du2PPVxmYVH9BZE4MbG2PXAgho', '', '0.00000000', 1518879090, 1518961211, 0, 1518879536, ''),
(790, '1CdoVY9FZ5co1D16CQk5zy5sXMhMjGVu9Q', '', '0.00000000', 1518879870, 1519017781, 0, 0, ''),
(791, '18FNdz7k4VAzt8XacMiPrP6y2r3g5adjWq', '', '0.00000000', 1518889118, 1518889118, 0, 0, '0'),
(792, '1D6znMCQFe4tHVgPoWsMqxmH5M4aV8cYPE', '', '0.00000000', 1518891816, 1518891816, 0, 0, '0'),
(793, '3BkYpKzC5PNPbCcWbnNxLFN2ZbprLrwqAo', '', '0.00000000', 1518919315, 1518919315, 0, 0, ''),
(794, '3DBag3yn9TqC8YuGoXXFGLVRvvr9W5oemj', '', '0.00000000', 1518924903, 1518924903, 0, 0, '0'),
(795, '1QJcgJ1ykUMPRRvuNK3MJDecWqCTSXX1uh', '', '0.00000000', 1518925854, 1518925854, 0, 0, ''),
(796, '1NX2K93GEHsA1u2xfsUsXm3yS9vmBZ9bgC', '', '0.00000000', 1518930017, 1518939508, 0, 0, ''),
(797, '16h8bXJRHJp6N6GRUXwuLwkAYpQSh9Rg7q', '', '0.00000000', 1518937750, 1518937750, 0, 0, '0'),
(798, '1FCSbrfzJwi8PbWxtCkTHRWaLR8nUK3mSa', '', '0.00000000', 1518964191, 1518964191, 0, 0, ''),
(799, '3Qv3QrsiME9ah6i6MzS1KnidMkcqSTZXyb', '', '0.00000000', 1518964704, 1518964704, 0, 0, '0'),
(800, '32cVA3nffWC6mUfL6wnTQysx1mjzWd3RwP', '', '0.00000000', 1518971831, 1518972601, 0, 0, ''),
(801, '13HDZiqK4eQzqc96BFqvyZEuxymCqwZdm8', '', '0.00000000', 1518979232, 1518979232, 0, 0, ''),
(802, '1BKH7YhdgzLjyFZNBvqbWY4kbcXhhtkBoS', '', '0.00000000', 1518982552, 1518982552, 0, 0, ''),
(803, '1DsJ2XV3kRmsSYVXU3z66q6bSi8tBg98Ts', '', '0.00000000', 1518989682, 1518989682, 0, 0, ''),
(804, 'DSzMXGpyXt5XHdtE9mKdQyFXGqw8nQma9j', '', '0.00000000', 1518990154, 1518990154, 0, 0, ''),
(805, '1GkXZtpj7x89vFrEiq5HFSWmz713PxTcuj', '', '0.00000000', 1519010838, 1519028890, 0, 0, '0'),
(806, '1Jjau7ojYiMihKnwMU6eLquLpn38xcnGtf', '', '0.00000000', 1519011850, 1519011850, 0, 0, '0'),
(807, '1HYNQU2EaBPTPoyF2pZvwXqG1QzkcKLAqq', '', '0.00000000', 1519011908, 1519011908, 0, 0, ''),
(808, '3LdHckwjpiZaemLb1QAqLLY98Vc18tcAhD', '', '0.00000000', 1519018067, 1519018067, 0, 0, '0'),
(809, '17CKQQeoFZfFDEjdGmZPtWvZbvRxt7YrSn', '', '0.00000000', 1519022767, 1519022767, 0, 0, '0'),
(810, '176zxrc8c7NqwEHNFFi1SxbrVunqWFgQfV', '', '0.00000000', 1519028215, 1519028215, 0, 0, '0'),
(811, '1LiaFmw8hTZdsL77zwYjFPW2ZrmZBLp5AD', '', '0.00000000', 1519028986, 1519035448, 0, 0, ''),
(812, '1BVJGNs2vkuDhAW7jU1Gd6XibB536dAKr7', '', '0.00000000', 1519030893, 1519030893, 0, 0, ''),
(813, '1MYA5VVxfzWdWdvLLkFnxhqm2cCfX6YL7u', '', '0.00000000', 1519045983, 1519053231, 0, 0, ''),
(814, '1KWEC4hnxN7CNat7E4VhRgrNiY53scS3Hb', '', '0.00000000', 1519051890, 1519051890, 0, 0, ''),
(815, '1NnZhJMVHEjQiYog3uqdjhgaPkVxrmuyZv', '', '0.00000000', 1519057270, 1519057270, 0, 0, ''),
(816, '17Ftj46bupikPttQiCip7resUNbxvUC4yx', '', '0.00000000', 1519057850, 1519057850, 0, 0, ''),
(817, '1HcJHMpD8VDarx9Y1drFvBTnfkbZ71okxs', '', '0.00000000', 1519057932, 1519057932, 0, 0, ''),
(818, '1ARF7KJ8QRLAceV87sDxQrwpZEgz1vRo5U', '', '0.00000000', 1519064414, 1519064414, 0, 0, ''),
(819, '1Lpqt8apFA3bWHAFDJmg5aHUCKp9Z6P3QD', '', '0.00000000', 1519067255, 1519067255, 0, 0, ''),
(820, '18gDcc3aG9A6XYhDV4ZTyjUMzXbSbUPS2F', '', '0.00000000', 1519070315, 1519070315, 0, 0, ''),
(821, '1Lx9gSXiSuqZoyJWsR6Ahv74wX8bHY49no', '', '0.00000000', 1519079131, 1519079131, 0, 0, ''),
(822, '14RKufC9Kyx46e9erJrn1z1HrnUNtb7CCU', '', '0.00000000', 1519079682, 1519079682, 0, 0, ''),
(823, '1Ag1tU4YeXvDUi5oawdTwDTfzii2Ep7j6H', '', '0.00000000', 1519089310, 1519089310, 0, 0, ''),
(824, '13EvEBswiNS5A54nmjV1fN55iZQ3HAr4K6', '', '0.00000000', 1519092935, 1519092935, 0, 0, '0');

/*!40101 SET CHARACTER_SET_CLIENT=@OLD_CHARACTER_SET_CLIENT */;
/*!40101 SET CHARACTER_SET_RESULTS=@OLD_CHARACTER_SET_RESULTS */;
/*!40101 SET COLLATION_CONNECTION=@OLD_COLLATION_CONNECTION */;
